State,State ANSI,County,County ANSI,Avg Farm Net Income ($)
ALABAMA,1,AUTAUGA,1,"18,279"
ALABAMA,1,BULLOCK,11,"71,850"
ALABAMA,1,DALLAS,47,"35,071"
ALABAMA,1,ELMORE,51,"9,847"
ALABAMA,1,GREENE,63,"19,870"
ALABAMA,1,HALE,65,"45,077"
ALABAMA,1,LOWNDES,85,"44,977"
ALABAMA,1,MACON,87,"-5,086"
ALABAMA,1,MARENGO,91,"7,712"
ALABAMA,1,MONTGOMERY,101,"17,443"
ALABAMA,1,PERRY,105,"38,525"
ALABAMA,1,SUMTER,119,"19,091"
ALABAMA,1,BALDWIN,3,"35,436"
ALABAMA,1,BUTLER,13,"92,484"
ALABAMA,1,CHOCTAW,23,"13,426"
ALABAMA,1,CLARKE,25,"-2,584"
ALABAMA,1,CONECUH,35,"17,196"
ALABAMA,1,ESCAMBIA,53,-536
ALABAMA,1,MOBILE,97,"39,907"
ALABAMA,1,MONROE,99,"12,672"
ALABAMA,1,WASHINGTON,129,"20,215"
ALABAMA,1,WILCOX,131,"10,868"
ALABAMA,1,BLOUNT,9,"66,897"
ALABAMA,1,CALHOUN,15,"31,748"
ALABAMA,1,CHEROKEE,19,"89,878"
ALABAMA,1,CLEBURNE,29,"113,659"
ALABAMA,1,CULLMAN,43,"82,722"
ALABAMA,1,DE KALB,49,"78,135"
ALABAMA,1,ETOWAH,55,"27,965"
ALABAMA,1,JACKSON,71,"33,724"
ALABAMA,1,MARSHALL,95,"47,778"
ALABAMA,1,SAINT CLAIR,115,"31,224"
ALABAMA,1,COLBERT,33,"15,776"
ALABAMA,1,FRANKLIN,59,"48,372"
ALABAMA,1,LAUDERDALE,77,"7,004"
ALABAMA,1,LAWRENCE,79,"44,132"
ALABAMA,1,LIMESTONE,83,"30,283"
ALABAMA,1,MADISON,89,"7,670"
ALABAMA,1,MARION,93,"57,698"
ALABAMA,1,MORGAN,103,"15,266"
ALABAMA,1,WINSTON,133,"16,277"
ALABAMA,1,BIBB,7,"-1,650"
ALABAMA,1,CHAMBERS,17,"-1,193"
ALABAMA,1,CHILTON,21,"-1,603"
ALABAMA,1,CLAY,27,"64,531"
ALABAMA,1,COOSA,37,"-2,844"
ALABAMA,1,FAYETTE,57,"15,231"
ALABAMA,1,JEFFERSON,73,"-5,978"
ALABAMA,1,LAMAR,75,"8,606"
ALABAMA,1,LEE,81,"65,481"
ALABAMA,1,PICKENS,107,"65,809"
ALABAMA,1,RANDOLPH,111,"83,709"
ALABAMA,1,SHELBY,117,879
ALABAMA,1,TALLADEGA,121,"18,394"
ALABAMA,1,TALLAPOOSA,123,"7,666"
ALABAMA,1,TUSCALOOSA,125,"17,527"
ALABAMA,1,WALKER,127,"33,393"
ALABAMA,1,BARBOUR,5,"63,011"
ALABAMA,1,COFFEE,31,"70,554"
ALABAMA,1,COVINGTON,39,"42,013"
ALABAMA,1,CRENSHAW,41,"99,513"
ALABAMA,1,DALE,45,"124,565"
ALABAMA,1,GENEVA,61,"54,022"
ALABAMA,1,HENRY,67,"96,137"
ALABAMA,1,HOUSTON,69,"18,894"
ALABAMA,1,PIKE,109,"63,217"
ALABAMA,1,RUSSELL,113,"13,670"
ALASKA,2,KENAI PENINSULA,122,-112
ALASKA,2,ANCHORAGE,20,"32,300"
ALASKA,2,JUNEAU,110,"26,346"
ALASKA,2,ALEUTIAN ISLANDS,13,"15,021"
ALASKA,2,FAIRBANKS NORTH STAR,90,"3,082"
ARIZONA,4,APACHE,1,"-4,575"
ARIZONA,4,COCONINO,5,"-2,044"
ARIZONA,4,GILA,7,"-2,511"
ARIZONA,4,MOHAVE,15,"18,636"
ARIZONA,4,NAVAJO,17,"-4,302"
ARIZONA,4,YAVAPAI,25,"-9,333"
ARIZONA,4,COCHISE,3,"11,728"
ARIZONA,4,GRAHAM,9,"18,164"
ARIZONA,4,GREENLEE,11,"14,117"
ARIZONA,4,LAPAZ,12,"116,963"
ARIZONA,4,MARICOPA,13,"60,458"
ARIZONA,4,PIMA,19,"13,102"
ARIZONA,4,PINAL,21,"128,381"
ARIZONA,4,SANTA CRUZ,23,284
ARIZONA,4,YUMA,27,"317,599"
ARKANSAS,5,CONWAY,29,"81,811"
ARKANSAS,5,FAULKNER,45,"-2,707"
ARKANSAS,5,GARLAND,51,-768
ARKANSAS,5,GRANT,53,"-2,723"
ARKANSAS,5,HOT SPRING,59,"8,798"
ARKANSAS,5,PERRY,105,"48,293"
ARKANSAS,5,PULASKI,119,"11,013"
ARKANSAS,5,SALINE,125,"-1,749"
ARKANSAS,5,ARKANSAS,1,"155,173"
ARKANSAS,5,CRITTENDEN,35,"251,225"
ARKANSAS,5,CROSS,37,"125,115"
ARKANSAS,5,LEE,77,"170,148"
ARKANSAS,5,LONOKE,85,"50,171"
ARKANSAS,5,MONROE,95,"170,463"
ARKANSAS,5,PHILLIPS,107,"253,431"
ARKANSAS,5,PRAIRIE,117,"128,543"
ARKANSAS,5,SAINT FRANCIS,123,"135,715"
ARKANSAS,5,WOODRUFF,147,"226,159"
ARKANSAS,5,BAXTER,5,"12,470"
ARKANSAS,5,CLEBURNE,23,"21,336"
ARKANSAS,5,FULTON,49,833
ARKANSAS,5,IZARD,65,"28,415"
ARKANSAS,5,MARION,89,"13,864"
ARKANSAS,5,SEARCY,129,-737
ARKANSAS,5,SHARP,135,"94,384"
ARKANSAS,5,STONE,137,"35,579"
ARKANSAS,5,VAN BUREN,141,"-2,650"
ARKANSAS,5,CLAY,21,"144,755"
ARKANSAS,5,CRAIGHEAD,31,"132,063"
ARKANSAS,5,GREENE,55,"79,453"
ARKANSAS,5,INDEPENDENCE,63,"69,763"
ARKANSAS,5,JACKSON,67,"123,052"
ARKANSAS,5,LAWRENCE,75,"83,484"
ARKANSAS,5,MISSISSIPPI,93,"390,212"
ARKANSAS,5,POINSETT,111,"212,004"
ARKANSAS,5,RANDOLPH,121,"66,220"
ARKANSAS,5,WHITE,145,"20,246"
ARKANSAS,5,BENTON,7,"100,547"
ARKANSAS,5,BOONE,9,"19,128"
ARKANSAS,5,CARROLL,15,"70,527"
ARKANSAS,5,MADISON,87,"69,569"
ARKANSAS,5,NEWTON,101,"3,739"
ARKANSAS,5,WASHINGTON,143,"67,156"
ARKANSAS,5,BRADLEY,11,"66,718"
ARKANSAS,5,CALHOUN,13,"21,554"
ARKANSAS,5,CLARK,19,"6,360"
ARKANSAS,5,CLEVELAND,25,"263,218"
ARKANSAS,5,COLUMBIA,27,"59,002"
ARKANSAS,5,DALLAS,39,"-1,673"
ARKANSAS,5,NEVADA,99,"54,804"
ARKANSAS,5,OUACHITA,103,"19,178"
ARKANSAS,5,UNION,139,"16,679"
ARKANSAS,5,ASHLEY,3,"65,536"
ARKANSAS,5,CHICOT,17,"169,380"
ARKANSAS,5,DESHA,41,"212,863"
ARKANSAS,5,DREW,43,"66,744"
ARKANSAS,5,JEFFERSON,69,"132,572"
ARKANSAS,5,LINCOLN,79,"141,565"
ARKANSAS,5,HEMPSTEAD,57,"110,911"
ARKANSAS,5,HOWARD,61,"162,223"
ARKANSAS,5,LAFAYETTE,73,"145,763"
ARKANSAS,5,LITTLE RIVER,81,"79,312"
ARKANSAS,5,MILLER,91,"12,255"
ARKANSAS,5,MONTGOMERY,97,"19,028"
ARKANSAS,5,PIKE,109,"79,089"
ARKANSAS,5,SEVIER,133,"178,133"
ARKANSAS,5,CRAWFORD,33,"14,891"
ARKANSAS,5,FRANKLIN,47,"53,765"
ARKANSAS,5,JOHNSON,71,"61,869"
ARKANSAS,5,LOGAN,83,"89,725"
ARKANSAS,5,POLK,113,"78,142"
ARKANSAS,5,POPE,115,"59,267"
ARKANSAS,5,SCOTT,127,"98,057"
ARKANSAS,5,SEBASTIAN,131,"59,967"
ARKANSAS,5,YELL,149,"137,369"
CALIFORNIA,6,ALAMEDA,1,"38,471"
CALIFORNIA,6,CONTRA COSTA,13,"15,799"
CALIFORNIA,6,LAKE,33,"14,773"
CALIFORNIA,6,MARIN,41,"56,419"
CALIFORNIA,6,MONTEREY,53,"862,332"
CALIFORNIA,6,NAPA,55,"50,257"
CALIFORNIA,6,SAN BENITO,69,"31,130"
CALIFORNIA,6,SAN FRANCISCO,75, (D)
CALIFORNIA,6,SAN LUIS OBISPO,79,"42,185"
CALIFORNIA,6,SAN MATEO,81,"27,890"
CALIFORNIA,6,SANTA CLARA,85,"54,640"
CALIFORNIA,6,SANTA CRUZ,87,"154,136"
CALIFORNIA,6,SONOMA,97,"24,924"
CALIFORNIA,6,LASSEN,35,"12,261"
CALIFORNIA,6,MODOC,49,"53,326"
CALIFORNIA,6,PLUMAS,63,"-19,110"
CALIFORNIA,6,DEL NORTE,15,"64,395"
CALIFORNIA,6,HUMBOLDT,23,"39,323"
CALIFORNIA,6,MENDOCINO,45,"24,244"
CALIFORNIA,6,BUTTE,7,"79,623"
CALIFORNIA,6,COLUSA,11,"135,221"
CALIFORNIA,6,GLENN,21,"123,929"
CALIFORNIA,6,SACRAMENTO,67,"73,642"
CALIFORNIA,6,SOLANO,95,"41,927"
CALIFORNIA,6,SUTTER,101,"98,700"
CALIFORNIA,6,TEHAMA,103,"28,093"
CALIFORNIA,6,YOLO,113,"87,877"
CALIFORNIA,6,YUBA,115,"57,060"
CALIFORNIA,6,FRESNO,19,"243,585"
CALIFORNIA,6,KERN,29,"527,223"
CALIFORNIA,6,KINGS,31,"310,725"
CALIFORNIA,6,MADERA,39,"317,386"
CALIFORNIA,6,MERCED,47,"237,457"
CALIFORNIA,6,SAN JOAQUIN,77,"119,250"
CALIFORNIA,6,STANISLAUS,99,"133,100"
CALIFORNIA,6,TULARE,107,"215,616"
CALIFORNIA,6,ALPINE,3, (D)
CALIFORNIA,6,AMADOR,5,"-2,280"
CALIFORNIA,6,CALAVERAS,9,"-3,209"
CALIFORNIA,6,EL DORADO,17,"-8,966"
CALIFORNIA,6,INYO,27,"26,505"
CALIFORNIA,6,MARIPOSA,43,"15,769"
CALIFORNIA,6,MONO,51,"22,680"
CALIFORNIA,6,NEVADA,57,"-9,718"
CALIFORNIA,6,PLACER,61,"1,725"
CALIFORNIA,6,SIERRA,91,"15,214"
CALIFORNIA,6,TUOLUMNE,109,"-25,606"
CALIFORNIA,6,SHASTA,89,"3,448"
CALIFORNIA,6,SISKIYOU,93,"53,720"
CALIFORNIA,6,TRINITY,105,"12,069"
CALIFORNIA,6,IMPERIAL,25,"692,722"
CALIFORNIA,6,LOS ANGELES,37,"-2,564"
CALIFORNIA,6,ORANGE,59,"83,921"
CALIFORNIA,6,RIVERSIDE,65,"70,358"
CALIFORNIA,6,SAN BERNARDINO,71,"54,716"
CALIFORNIA,6,SAN DIEGO,73,"32,395"
CALIFORNIA,6,SANTA BARBARA,83,"172,414"
CALIFORNIA,6,VENTURA,111,"196,210"
COLORADO,8,ADAMS,1,"26,355"
COLORADO,8,ARAPAHOE,5,"-7,342"
COLORADO,8,CHEYENNE,17,"72,733"
COLORADO,8,DENVER,31, (D)
COLORADO,8,DOUGLAS,35,"-7,839"
COLORADO,8,EL PASO,41,"-3,917"
COLORADO,8,ELBERT,39,"-8,026"
COLORADO,8,KIOWA,61,"54,575"
COLORADO,8,KIT CARSON,63,"110,518"
COLORADO,8,LINCOLN,73,"47,769"
COLORADO,8,PHILLIPS,95,"112,149"
COLORADO,8,WASHINGTON,121,"46,044"
COLORADO,8,YUMA,125,"119,341"
COLORADO,8,BOULDER,13,80
COLORADO,8,BROOMFIELD,14,"-1,995"
COLORADO,8,JEFFERSON,59,"-5,386"
COLORADO,8,LARIMER,69,"5,555"
COLORADO,8,LOGAN,75,"81,892"
COLORADO,8,MORGAN,87,"79,628"
COLORADO,8,SEDGWICK,115,"83,649"
COLORADO,8,WELD,123,"97,295"
COLORADO,8,CHAFFEE,15,"5,803"
COLORADO,8,CLEAR CREEK,19, (D)
COLORADO,8,EAGLE,37,223
COLORADO,8,GILPIN,47,"5,583"
COLORADO,8,GRAND,49,"5,707"
COLORADO,8,GUNNISON,51,"11,341"
COLORADO,8,JACKSON,57,"71,134"
COLORADO,8,LAKE,65,"-9,355"
COLORADO,8,MOFFAT,81,"19,950"
COLORADO,8,PARK,93,"-2,370"
COLORADO,8,PITKIN,97,"-17,364"
COLORADO,8,RIO BLANCO,103,"7,269"
COLORADO,8,ROUTT,107,"-2,694"
COLORADO,8,SUMMIT,117,"-24,851"
COLORADO,8,TELLER,119,"-9,982"
COLORADO,8,ALAMOSA,3,"75,811"
COLORADO,8,CONEJOS,21,"33,259"
COLORADO,8,COSTILLA,23,"15,775"
COLORADO,8,MINERAL,79,"-7,990"
COLORADO,8,RIO GRANDE,105,"105,529"
COLORADO,8,SAGUACHE,109,"113,532"
COLORADO,8,BACA,9,"38,586"
COLORADO,8,BENT,11,"55,647"
COLORADO,8,CROWLEY,25,"53,585"
COLORADO,8,CUSTER,27,"6,537"
COLORADO,8,FREMONT,43,-695
COLORADO,8,HUERFANO,55,"-1,300"
COLORADO,8,LAS ANIMAS,71,"12,051"
COLORADO,8,OTERO,89,"33,992"
COLORADO,8,PROWERS,99,"113,631"
COLORADO,8,PUEBLO,101,"6,417"
COLORADO,8,ARCHULETA,7,"-5,291"
COLORADO,8,DELTA,29,"9,054"
COLORADO,8,DOLORES,33,"8,207"
COLORADO,8,GARFIELD,45,"7,104"
COLORADO,8,HINSDALE,53,"-7,263"
COLORADO,8,LA PLATA,67,"-2,541"
COLORADO,8,MESA,77,"5,634"
COLORADO,8,MONTEZUMA,83,"7,541"
COLORADO,8,MONTROSE,85,"8,817"
COLORADO,8,OURAY,91,"2,242"
COLORADO,8,SAN MIGUEL,113,"6,309"
CONNECTICUT,9,FAIRFIELD,1,"13,527"
CONNECTICUT,9,HARTFORD,3,"15,587"
CONNECTICUT,9,LITCHFIELD,5,"-3,355"
CONNECTICUT,9,MIDDLESEX,7,"6,539"
CONNECTICUT,9,NEW HAVEN,9,"23,173"
CONNECTICUT,9,NEW LONDON,11,"42,594"
CONNECTICUT,9,TOLLAND,13,"18,340"
CONNECTICUT,9,WINDHAM,15,"8,532"
DELAWARE,10,KENT,1,"196,499"
DELAWARE,10,NEW CASTLE,3,"30,998"
DELAWARE,10,SUSSEX,5,"416,148"
FLORIDA,12,ALACHUA,1,"11,361"
FLORIDA,12,BRADFORD,7,"1,033"
FLORIDA,12,CITRUS,17,"-10,485"
FLORIDA,12,CLAY,19,"-6,783"
FLORIDA,12,FLAGLER,35,459
FLORIDA,12,GILCHRIST,41,"17,595"
FLORIDA,12,HERNANDO,53,"-1,448"
FLORIDA,12,HILLSBOROUGH,57,"45,810"
FLORIDA,12,LAKE,69,"30,197"
FLORIDA,12,LEVY,75,"50,764"
FLORIDA,12,MARION,83,"-10,299"
FLORIDA,12,ORANGE,95,"107,413"
FLORIDA,12,OSCEOLA,97,"32,008"
FLORIDA,12,PASCO,101,"-5,403"
FLORIDA,12,PINELLAS,103, (D)
FLORIDA,12,POLK,105,"16,471"
FLORIDA,12,PUTNAM,107,"14,951"
FLORIDA,12,SEMINOLE,117,"5,842"
FLORIDA,12,ST. JOHNS,109,"59,906"
FLORIDA,12,SUMTER,119,"1,593"
FLORIDA,12,UNION,125,"1,824"
FLORIDA,12,VOLUSIA,127,"41,320"
FLORIDA,12,BAKER,3,"12,784"
FLORIDA,12,COLUMBIA,23,-331
FLORIDA,12,DIXIE,29,"2,893"
FLORIDA,12,DUVAL,31,"-15,523"
FLORIDA,12,HAMILTON,47,"22,479"
FLORIDA,12,LAFAYETTE,67,"95,582"
FLORIDA,12,MADISON,79,"24,018"
FLORIDA,12,NASSAU,89,"-8,180"
FLORIDA,12,SUWANNEE,121,"66,651"
FLORIDA,12,TAYLOR,123,"16,882"
FLORIDA,12,BAY,5,"9,421"
FLORIDA,12,CALHOUN,13,92
FLORIDA,12,ESCAMBIA,33,"6,518"
FLORIDA,12,FRANKLIN,37,"108,217"
FLORIDA,12,GADSDEN,39,"40,725"
FLORIDA,12,GULF,45, (D)
FLORIDA,12,HOLMES,59,"4,980"
FLORIDA,12,JACKSON,63,"19,331"
FLORIDA,12,JEFFERSON,65,"5,560"
FLORIDA,12,LEON,73,"-3,330"
FLORIDA,12,LIBERTY,77, (D)
FLORIDA,12,OKALOOSA,91,"3,210"
FLORIDA,12,SANTA ROSA,113,"12,638"
FLORIDA,12,WAKULLA,129,"-4,379"
FLORIDA,12,WALTON,131,"16,442"
FLORIDA,12,WASHINGTON,133,"1,596"
FLORIDA,12,BREVARD,9,"15,349"
FLORIDA,12,BROWARD,11,-25
FLORIDA,12,CHARLOTTE,15,"28,609"
FLORIDA,12,COLLIER,21,"-11,265"
FLORIDA,12,DE SOTO,27,"24,593"
FLORIDA,12,GLADES,43,"22,831"
FLORIDA,12,HARDEE,49,"15,082"
FLORIDA,12,HENDRY,51,"102,554"
FLORIDA,12,HIGHLANDS,55,"28,583"
FLORIDA,12,INDIAN RIVER,61,"78,345"
FLORIDA,12,LEE,71,"13,911"
FLORIDA,12,MANATEE,81,"96,030"
FLORIDA,12,MARTIN,85,"39,474"
FLORIDA,12,MIAMI-DADE,86,"55,240"
FLORIDA,12,MONROE,87, (D)
FLORIDA,12,OKEECHOBEE,93,"38,245"
FLORIDA,12,PALM BEACH,99,"131,536"
FLORIDA,12,SARASOTA,115,"6,061"
FLORIDA,12,ST. LUCIE,111,"64,468"
GEORGIA,13,BALDWIN,9,"-4,444"
GEORGIA,13,BIBB,21,"5,450"
GEORGIA,13,BLECKLEY,23,"17,203"
GEORGIA,13,BUTTS,35,"5,410"
GEORGIA,13,CRAWFORD,79,"120,086"
GEORGIA,13,DODGE,91,"17,985"
GEORGIA,13,GREENE,133,"112,815"
GEORGIA,13,HANCOCK,141,"6,371"
GEORGIA,13,HOUSTON,153,"9,739"
GEORGIA,13,JASPER,159,"12,102"
GEORGIA,13,JOHNSON,167,-94
GEORGIA,13,JONES,169,"-3,934"
GEORGIA,13,LAURENS,175,"10,668"
GEORGIA,13,MONROE,207,"46,847"
GEORGIA,13,MONTGOMERY,209,"30,797"
GEORGIA,13,MORGAN,211,"40,860"
GEORGIA,13,NEWTON,217,"-11,347"
GEORGIA,13,PEACH,225,"149,950"
GEORGIA,13,PULASKI,235,"92,091"
GEORGIA,13,PUTNAM,237,"-9,929"
GEORGIA,13,ROCKDALE,247,"-9,897"
GEORGIA,13,TALIAFERRO,265,"151,169"
GEORGIA,13,TREUTLEN,283,"13,685"
GEORGIA,13,TWIGGS,289,"10,570"
GEORGIA,13,WASHINGTON,303,"4,098"
GEORGIA,13,WHEELER,309,"5,367"
GEORGIA,13,WILKINSON,319,"13,609"
GEORGIA,13,BULLOCH,31,"47,963"
GEORGIA,13,BURKE,33,"77,868"
GEORGIA,13,CANDLER,43,"46,710"
GEORGIA,13,COLUMBIA,73,"-7,965"
GEORGIA,13,EFFINGHAM,103,"14,229"
GEORGIA,13,EMANUEL,107,"17,400"
GEORGIA,13,GLASCOCK,125,"-3,968"
GEORGIA,13,JEFFERSON,163,"50,152"
GEORGIA,13,JENKINS,165,"38,603"
GEORGIA,13,MCDUFFIE,189,"69,782"
GEORGIA,13,RICHMOND,245,"-7,539"
GEORGIA,13,SCREVEN,251,"29,155"
GEORGIA,13,WARREN,301,"-1,199"
GEORGIA,13,BARROW,13,"21,755"
GEORGIA,13,CHEROKEE,57,"1,295"
GEORGIA,13,CLARKE,59,"17,961"
GEORGIA,13,COBB,67,"-4,362"
GEORGIA,13,DAWSON,85,"93,497"
GEORGIA,13,DE KALB,89,"-9,904"
GEORGIA,13,FANNIN,111,"36,866"
GEORGIA,13,FORSYTH,117,"57,254"
GEORGIA,13,FULTON,121,"-22,397"
GEORGIA,13,GILMER,123,"254,835"
GEORGIA,13,GWINNETT,135,"25,443"
GEORGIA,13,HALL,139,"44,196"
GEORGIA,13,JACKSON,157,"79,656"
GEORGIA,13,LUMPKIN,187,"45,618"
GEORGIA,13,OCONEE,219,"34,485"
GEORGIA,13,PICKENS,227,"87,722"
GEORGIA,13,TOWNS,281,"-7,398"
GEORGIA,13,UNION,291,"53,798"
GEORGIA,13,WALTON,297,"8,132"
GEORGIA,13,WHITE,311,"109,953"
GEORGIA,13,BANKS,11,"131,867"
GEORGIA,13,ELBERT,105,"71,742"
GEORGIA,13,FRANKLIN,119,"170,007"
GEORGIA,13,HABERSHAM,137,"116,016"
GEORGIA,13,HART,147,"155,503"
GEORGIA,13,LINCOLN,181,"12,424"
GEORGIA,13,MADISON,195,"138,489"
GEORGIA,13,OGLETHORPE,221,"178,944"
GEORGIA,13,RABUN,241,"10,697"
GEORGIA,13,STEPHENS,257,"170,031"
GEORGIA,13,WILKES,317,"235,135"
GEORGIA,13,BARTOW,15,"38,077"
GEORGIA,13,CATOOSA,47,"35,922"
GEORGIA,13,CHATTOOGA,55,"60,404"
GEORGIA,13,DADE,83,"41,314"
GEORGIA,13,FLOYD,115,"22,246"
GEORGIA,13,GORDON,129,"136,294"
GEORGIA,13,MURRAY,213,"172,939"
GEORGIA,13,PAULDING,223,"6,168"
GEORGIA,13,POLK,233,"47,369"
GEORGIA,13,WALKER,295,"82,701"
GEORGIA,13,WHITFIELD,313,"96,004"
GEORGIA,13,ATKINSON,3,"113,574"
GEORGIA,13,BEN HILL,17,"24,300"
GEORGIA,13,BERRIEN,19,"75,422"
GEORGIA,13,BROOKS,27,"94,102"
GEORGIA,13,CLINCH,65,"123,599"
GEORGIA,13,COFFEE,69,"89,619"
GEORGIA,13,COLQUITT,71,"202,473"
GEORGIA,13,COOK,75,"71,213"
GEORGIA,13,CRISP,81,"80,469"
GEORGIA,13,DOOLY,93,"124,099"
GEORGIA,13,ECHOLS,101,"20,807"
GEORGIA,13,IRWIN,155,"58,564"
GEORGIA,13,JEFF DAVIS,161,"41,659"
GEORGIA,13,LANIER,173,"34,286"
GEORGIA,13,LOWNDES,185,"22,921"
GEORGIA,13,TELFAIR,271,"19,103"
GEORGIA,13,TIFT,277,"87,751"
GEORGIA,13,TURNER,287,"94,846"
GEORGIA,13,WILCOX,315,"137,605"
GEORGIA,13,WORTH,321,"68,623"
GEORGIA,13,APPLING,1,"111,193"
GEORGIA,13,BACON,5,"81,027"
GEORGIA,13,BRANTLEY,25,689
GEORGIA,13,BRYAN,29,81
GEORGIA,13,CAMDEN,39,"-4,271"
GEORGIA,13,CHARLTON,49,"2,457"
GEORGIA,13,CHATHAM,51,"100,483"
GEORGIA,13,EVANS,109,"85,936"
GEORGIA,13,GLYNN,127,"-12,644"
GEORGIA,13,LIBERTY,179,"-4,419"
GEORGIA,13,LONG,183,"36,109"
GEORGIA,13,MCINTOSH,191,"29,130"
GEORGIA,13,PIERCE,229,"23,601"
GEORGIA,13,TATTNALL,267,"259,925"
GEORGIA,13,TOOMBS,279,"86,309"
GEORGIA,13,WARE,299,"49,830"
GEORGIA,13,WAYNE,305,"22,944"
GEORGIA,13,BAKER,7,"133,796"
GEORGIA,13,CALHOUN,37,"144,478"
GEORGIA,13,CLAY,61,"47,012"
GEORGIA,13,DECATUR,87,"167,065"
GEORGIA,13,DOUGHERTY,95,"162,519"
GEORGIA,13,EARLY,99,"25,232"
GEORGIA,13,GRADY,131,"83,058"
GEORGIA,13,LEE,177,"134,359"
GEORGIA,13,MILLER,201,"120,445"
GEORGIA,13,MITCHELL,205,"192,409"
GEORGIA,13,QUITMAN,239,"1,923"
GEORGIA,13,RANDOLPH,243,"84,723"
GEORGIA,13,SEMINOLE,253,"135,944"
GEORGIA,13,STEWART,259,"17,057"
GEORGIA,13,SUMTER,261,"113,717"
GEORGIA,13,TERRELL,273,"49,385"
GEORGIA,13,THOMAS,275,"38,041"
GEORGIA,13,WEBSTER,307,"49,229"
GEORGIA,13,CARROLL,45,"73,073"
GEORGIA,13,CHATTAHOOCHEE,53, (D)
GEORGIA,13,CLAYTON,63, (D)
GEORGIA,13,COWETA,77,"-2,916"
GEORGIA,13,DOUGLAS,97,"-3,508"
GEORGIA,13,FAYETTE,113,-916
GEORGIA,13,HARALSON,143,"79,916"
GEORGIA,13,HARRIS,145,"-5,495"
GEORGIA,13,HEARD,149,"66,801"
GEORGIA,13,HENRY,151,"-6,508"
GEORGIA,13,LAMAR,171,"78,216"
GEORGIA,13,MACON,193,"274,275"
GEORGIA,13,MARION,197,"19,812"
GEORGIA,13,MERIWETHER,199,629
GEORGIA,13,MUSCOGEE,215,"-20,390"
GEORGIA,13,PIKE,231,"10,619"
GEORGIA,13,SCHLEY,249,"62,821"
GEORGIA,13,SPALDING,255,"8,297"
GEORGIA,13,TALBOT,263,"1,386"
GEORGIA,13,TAYLOR,269,"33,690"
GEORGIA,13,TROUP,285,879
GEORGIA,13,UPSON,293,"72,966"
HAWAII,15,HAWAII,1,"11,834"
HAWAII,15,KAUAI,7,"-17,122"
HAWAII,15,MAUI & KALWAO,9,"-9,272"
HAWAII,15,HONOLULU,3,"11,774"
IDAHO,16,BANNOCK,5,"9,327"
IDAHO,16,BEAR LAKE,7,"30,704"
IDAHO,16,BINGHAM,11,"63,511"
IDAHO,16,BONNEVILLE,19,"35,398"
IDAHO,16,BUTTE,23,"79,994"
IDAHO,16,CARIBOU,29,"55,550"
IDAHO,16,CLARK,33,"84,789"
IDAHO,16,CUSTER,37,"40,770"
IDAHO,16,FRANKLIN,41,"26,508"
IDAHO,16,FREMONT,43,"45,226"
IDAHO,16,JEFFERSON,51,"47,869"
IDAHO,16,LEMHI,59,"31,637"
IDAHO,16,MADISON,65,"84,969"
IDAHO,16,ONEIDA,71,"35,538"
IDAHO,16,POWER,77,"106,216"
IDAHO,16,TETON,81,"36,800"
IDAHO,16,BENEWAH,9,"15,342"
IDAHO,16,BONNER,17,"-2,899"
IDAHO,16,BOUNDARY,21,"9,462"
IDAHO,16,CLEARWATER,35,"4,455"
IDAHO,16,IDAHO,49,"13,966"
IDAHO,16,KOOTENAI,55,-584
IDAHO,16,LATAH,57,"16,545"
IDAHO,16,LEWIS,61,"55,839"
IDAHO,16,NEZ PERCE,69,"22,799"
IDAHO,16,SHOSHONE,79,"-10,131"
IDAHO,16,BLAINE,13,"11,801"
IDAHO,16,CAMAS,25,"50,128"
IDAHO,16,CASSIA,31,"234,513"
IDAHO,16,GOODING,47,"280,916"
IDAHO,16,JEROME,53,"196,532"
IDAHO,16,LINCOLN,63,"146,027"
IDAHO,16,MINIDOKA,67,"101,794"
IDAHO,16,TWIN FALLS,83,"119,676"
IDAHO,16,ADA,1,"20,801"
IDAHO,16,ADAMS,3,"10,837"
IDAHO,16,BOISE,15,"1,413"
IDAHO,16,CANYON,27,"34,137"
IDAHO,16,ELMORE,39,"203,815"
IDAHO,16,GEM,45,"-7,059"
IDAHO,16,OWYHEE,73,"65,190"
IDAHO,16,PAYETTE,75,"41,054"
IDAHO,16,VALLEY,85,"15,981"
IDAHO,16,WASHINGTON,87,"11,963"
ILLINOIS,17,DE WITT,39,"90,687"
ILLINOIS,17,LOGAN,107,"128,613"
ILLINOIS,17,MACON,115,"103,027"
ILLINOIS,17,MARSHALL,123,"82,920"
ILLINOIS,17,MASON,125,"112,550"
ILLINOIS,17,MCLEAN,113,"111,498"
ILLINOIS,17,MENARD,129,"79,442"
ILLINOIS,17,PEORIA,143,"49,688"
ILLINOIS,17,STARK,175,"116,109"
ILLINOIS,17,TAZEWELL,179,"94,405"
ILLINOIS,17,WOODFORD,203,"68,623"
ILLINOIS,17,CHAMPAIGN,19,"114,220"
ILLINOIS,17,FORD,53,"95,812"
ILLINOIS,17,IROQUOIS,75,"90,349"
ILLINOIS,17,KANKAKEE,91,"83,231"
ILLINOIS,17,LIVINGSTON,105,"120,515"
ILLINOIS,17,PIATT,147,"136,042"
ILLINOIS,17,VERMILION,183,"89,298"
ILLINOIS,17,CLARK,23,"65,495"
ILLINOIS,17,CLAY,25,"40,953"
ILLINOIS,17,COLES,29,"67,961"
ILLINOIS,17,CRAWFORD,33,"63,496"
ILLINOIS,17,CUMBERLAND,35,"51,842"
ILLINOIS,17,DOUGLAS,41,"102,612"
ILLINOIS,17,EDGAR,45,"121,670"
ILLINOIS,17,EFFINGHAM,49,"52,813"
ILLINOIS,17,FAYETTE,51,"49,370"
ILLINOIS,17,JASPER,79,"55,686"
ILLINOIS,17,LAWRENCE,101,"88,895"
ILLINOIS,17,MARION,121,"35,714"
ILLINOIS,17,MOULTRIE,139,"83,418"
ILLINOIS,17,RICHLAND,159,"65,153"
ILLINOIS,17,SHELBY,173,"66,558"
ILLINOIS,17,BOONE,7,"30,254"
ILLINOIS,17,COOK,31,"11,877"
ILLINOIS,17,DE KALB,37,"109,767"
ILLINOIS,17,DU PAGE,43,"-14,026"
ILLINOIS,17,GRUNDY,63,"96,243"
ILLINOIS,17,KANE,89,"32,965"
ILLINOIS,17,KENDALL,93,"70,751"
ILLINOIS,17,LA SALLE,99,"84,474"
ILLINOIS,17,LAKE,97,"21,999"
ILLINOIS,17,MCHENRY,111,"14,489"
ILLINOIS,17,WILL,197,"37,989"
ILLINOIS,17,BUREAU,11,"93,732"
ILLINOIS,17,CARROLL,15,"98,381"
ILLINOIS,17,HENRY,73,"72,065"
ILLINOIS,17,JO DAVIESS,85,"30,645"
ILLINOIS,17,LEE,103,"80,426"
ILLINOIS,17,MERCER,131,"92,792"
ILLINOIS,17,OGLE,141,"57,921"
ILLINOIS,17,PUTNAM,155,"94,691"
ILLINOIS,17,ROCK ISLAND,161,"48,237"
ILLINOIS,17,STEPHENSON,177,"62,799"
ILLINOIS,17,WHITESIDE,195,"80,167"
ILLINOIS,17,WINNEBAGO,201,"33,591"
ILLINOIS,17,EDWARDS,47,"72,503"
ILLINOIS,17,FRANKLIN,55,"41,421"
ILLINOIS,17,GALLATIN,59,"126,346"
ILLINOIS,17,HAMILTON,65,"55,371"
ILLINOIS,17,HARDIN,69,"9,280"
ILLINOIS,17,JEFFERSON,81,"17,905"
ILLINOIS,17,MASSAC,127,"27,146"
ILLINOIS,17,POPE,151,"7,957"
ILLINOIS,17,SALINE,165,"43,542"
ILLINOIS,17,WABASH,185,"64,657"
ILLINOIS,17,WAYNE,191,"61,819"
ILLINOIS,17,WHITE,193,"105,373"
ILLINOIS,17,ALEXANDER,3,"41,578"
ILLINOIS,17,CLINTON,27,"76,103"
ILLINOIS,17,JACKSON,77,"26,834"
ILLINOIS,17,JOHNSON,87,"7,779"
ILLINOIS,17,MONROE,133,"39,256"
ILLINOIS,17,PERRY,145,"23,761"
ILLINOIS,17,PULASKI,153,"54,490"
ILLINOIS,17,RANDOLPH,157,"38,220"
ILLINOIS,17,ST CLAIR,163,"47,773"
ILLINOIS,17,UNION,181,"22,153"
ILLINOIS,17,WASHINGTON,189,"64,256"
ILLINOIS,17,WILLIAMSON,199,"9,528"
ILLINOIS,17,ADAMS,1,"68,384"
ILLINOIS,17,BROWN,9,"25,373"
ILLINOIS,17,FULTON,57,"52,387"
ILLINOIS,17,HANCOCK,67,"88,677"
ILLINOIS,17,HENDERSON,71,"94,368"
ILLINOIS,17,KNOX,95,"87,618"
ILLINOIS,17,MCDONOUGH,109,"90,478"
ILLINOIS,17,SCHUYLER,169,"67,123"
ILLINOIS,17,WARREN,187,"116,058"
ILLINOIS,17,BOND,5,"44,308"
ILLINOIS,17,CALHOUN,13,"25,444"
ILLINOIS,17,CASS,17,"100,327"
ILLINOIS,17,CHRISTIAN,21,"140,155"
ILLINOIS,17,GREENE,61,"76,803"
ILLINOIS,17,JERSEY,83,"32,296"
ILLINOIS,17,MACOUPIN,117,"51,897"
ILLINOIS,17,MADISON,119,"40,236"
ILLINOIS,17,MONTGOMERY,135,"73,486"
ILLINOIS,17,MORGAN,137,"82,103"
ILLINOIS,17,PIKE,149,"75,997"
ILLINOIS,17,SANGAMON,167,"102,479"
ILLINOIS,17,SCOTT,171,"105,041"
INDIANA,18,BARTHOLOMEW,5,"53,344"
INDIANA,18,BOONE,11,"41,001"
INDIANA,18,CLINTON,23,"97,256"
INDIANA,18,DECATUR,31,"66,372"
INDIANA,18,GRANT,53,"59,843"
INDIANA,18,HAMILTON,57,"51,172"
INDIANA,18,HANCOCK,59,"42,335"
INDIANA,18,HENDRICKS,63,"27,019"
INDIANA,18,HOWARD,67,"63,516"
INDIANA,18,JOHNSON,81,"16,628"
INDIANA,18,MADISON,95,"40,789"
INDIANA,18,MARION,97,"3,612"
INDIANA,18,MORGAN,109,"32,569"
INDIANA,18,RUSH,139,"81,387"
INDIANA,18,SHELBY,145,"63,400"
INDIANA,18,TIPTON,159,"65,818"
INDIANA,18,BLACKFORD,9,"76,810"
INDIANA,18,DELAWARE,35,"31,482"
INDIANA,18,FAYETTE,41,"32,737"
INDIANA,18,HENRY,65,"44,588"
INDIANA,18,JAY,75,"149,808"
INDIANA,18,RANDOLPH,135,"67,446"
INDIANA,18,UNION,161,"57,712"
INDIANA,18,WAYNE,177,"37,300"
INDIANA,18,CARROLL,15,"106,056"
INDIANA,18,CASS,17,"60,307"
INDIANA,18,ELKHART,39,"50,317"
INDIANA,18,FULTON,49,"63,931"
INDIANA,18,KOSCIUSKO,85,"77,863"
INDIANA,18,MARSHALL,99,"48,651"
INDIANA,18,MIAMI,103,"80,481"
INDIANA,18,ST. JOSEPH,141,"37,994"
INDIANA,18,WABASH,169,"40,350"
INDIANA,18,ADAMS,1,"60,526"
INDIANA,18,ALLEN,3,"30,101"
INDIANA,18,DE KALB,33,"38,700"
INDIANA,18,HUNTINGTON,69,"45,186"
INDIANA,18,LAGRANGE,87,"36,481"
INDIANA,18,NOBLE,113,"47,777"
INDIANA,18,STEUBEN,151,"19,059"
INDIANA,18,WELLS,179,"84,836"
INDIANA,18,WHITLEY,183,"51,546"
INDIANA,18,BENTON,7,"133,737"
INDIANA,18,JASPER,73,"122,326"
INDIANA,18,LA PORTE,91,"65,041"
INDIANA,18,LAKE,89,"35,257"
INDIANA,18,NEWTON,111,"77,666"
INDIANA,18,PORTER,127,"45,647"
INDIANA,18,PULASKI,131,"90,435"
INDIANA,18,STARKE,149,"52,440"
INDIANA,18,WHITE,181,"115,633"
INDIANA,18,BROWN,13,"-4,132"
INDIANA,18,CRAWFORD,25,645
INDIANA,18,FLOYD,43,"2,050"
INDIANA,18,HARRISON,61,"19,487"
INDIANA,18,JACKSON,71,"50,538"
INDIANA,18,LAWRENCE,93,"14,685"
INDIANA,18,MONROE,105,"-1,327"
INDIANA,18,ORANGE,117,"52,706"
INDIANA,18,PERRY,123,"27,550"
INDIANA,18,WASHINGTON,175,"53,057"
INDIANA,18,CLARK,19,"31,718"
INDIANA,18,DEARBORN,29,"-1,665"
INDIANA,18,FRANKLIN,47,"24,716"
INDIANA,18,JEFFERSON,77,"4,144"
INDIANA,18,JENNINGS,79,"30,653"
INDIANA,18,OHIO,115,"7,213"
INDIANA,18,RIPLEY,137,"22,120"
INDIANA,18,SCOTT,143,"15,286"
INDIANA,18,SWITZERLAND,155,"9,291"
INDIANA,18,DAVIESS,27,"61,405"
INDIANA,18,DUBOIS,37,"79,420"
INDIANA,18,GIBSON,51,"73,522"
INDIANA,18,GREENE,55,"43,156"
INDIANA,18,KNOX,83,"135,188"
INDIANA,18,MARTIN,101,"43,868"
INDIANA,18,PIKE,125,"35,749"
INDIANA,18,POSEY,129,"82,738"
INDIANA,18,SPENCER,147,"49,289"
INDIANA,18,SULLIVAN,153,"44,506"
INDIANA,18,VANDERBURGH,163,"46,238"
INDIANA,18,WARRICK,173,"32,047"
INDIANA,18,CLAY,21,"40,937"
INDIANA,18,FOUNTAIN,45,"69,849"
INDIANA,18,MONTGOMERY,107,"77,006"
INDIANA,18,OWEN,119,"11,493"
INDIANA,18,PARKE,121,"42,037"
INDIANA,18,PUTNAM,133,"18,641"
INDIANA,18,TIPPECANOE,157,"26,273"
INDIANA,18,VERMILLION,165,"53,098"
INDIANA,18,VIGO,167,"30,615"
INDIANA,18,WARREN,171,"98,311"
IOWA,19,BOONE,15,"61,657"
IOWA,19,DALLAS,49,"69,406"
IOWA,19,GRUNDY,75,"95,436"
IOWA,19,HAMILTON,79,"198,979"
IOWA,19,HARDIN,83,"144,286"
IOWA,19,JASPER,99,"72,673"
IOWA,19,MARSHALL,127,"70,887"
IOWA,19,POLK,153,"35,118"
IOWA,19,POWESHIEK,157,"99,579"
IOWA,19,STORY,169,"56,287"
IOWA,19,TAMA,171,"70,804"
IOWA,19,WEBSTER,187,"110,915"
IOWA,19,BENTON,11,"79,589"
IOWA,19,CEDAR,31,"84,199"
IOWA,19,CLINTON,45,"71,048"
IOWA,19,IOWA,95,"64,735"
IOWA,19,JACKSON,97,"58,409"
IOWA,19,JOHNSON,103,"53,179"
IOWA,19,JONES,105,"69,786"
IOWA,19,LINN,113,"41,611"
IOWA,19,MUSCATINE,139,"72,343"
IOWA,19,SCOTT,163,"77,369"
IOWA,19,BUTLER,23,"63,562"
IOWA,19,CERRO GORDO,33,"64,749"
IOWA,19,FLOYD,67,"82,341"
IOWA,19,FRANKLIN,69,"118,776"
IOWA,19,HANCOCK,81,"134,475"
IOWA,19,HUMBOLDT,91,"105,649"
IOWA,19,KOSSUTH,109,"120,163"
IOWA,19,MITCHELL,131,"100,317"
IOWA,19,WINNEBAGO,189,"98,508"
IOWA,19,WORTH,195,"78,362"
IOWA,19,WRIGHT,197,"143,630"
IOWA,19,ALLAMAKEE,5,"63,118"
IOWA,19,BLACK HAWK,13,"61,712"
IOWA,19,BREMER,17,"59,481"
IOWA,19,BUCHANAN,19,"103,185"
IOWA,19,CHICKASAW,37,"78,303"
IOWA,19,CLAYTON,43,"71,665"
IOWA,19,DELAWARE,55,"106,305"
IOWA,19,DUBUQUE,61,"78,746"
IOWA,19,FAYETTE,65,"87,403"
IOWA,19,HOWARD,89,"82,102"
IOWA,19,WINNESHIEK,191,"54,277"
IOWA,19,BUENA VISTA,21,"189,971"
IOWA,19,CHEROKEE,35,"117,366"
IOWA,19,CLAY,41,"137,537"
IOWA,19,DICKINSON,59,"127,250"
IOWA,19,EMMET,63,"105,138"
IOWA,19,LYON,119,"205,305"
IOWA,19,O BRIEN,141,"132,423"
IOWA,19,OSCEOLA,143,"179,602"
IOWA,19,PALO ALTO,147,"140,057"
IOWA,19,PLYMOUTH,149,"136,343"
IOWA,19,POCAHONTAS,151,"142,143"
IOWA,19,SIOUX,167,"217,428"
IOWA,19,APPANOOSE,7,"16,581"
IOWA,19,CLARKE,39,"33,181"
IOWA,19,DECATUR,53,"28,149"
IOWA,19,LUCAS,117,"14,901"
IOWA,19,MADISON,121,"27,072"
IOWA,19,MARION,125,"25,363"
IOWA,19,MONROE,135,"30,056"
IOWA,19,RINGGOLD,159,"60,338"
IOWA,19,UNION,175,"47,367"
IOWA,19,WARREN,181,"17,904"
IOWA,19,WAYNE,185,"27,741"
IOWA,19,DAVIS,51,"18,709"
IOWA,19,DES MOINES,57,"53,797"
IOWA,19,HENRY,87,"62,147"
IOWA,19,JEFFERSON,101,"41,582"
IOWA,19,KEOKUK,107,"78,819"
IOWA,19,LEE,111,"34,295"
IOWA,19,LOUISA,115,"117,882"
IOWA,19,MAHASKA,123,"70,312"
IOWA,19,VAN BUREN,177,"32,414"
IOWA,19,WAPELLO,179,"23,943"
IOWA,19,WASHINGTON,183,"150,329"
IOWA,19,ADAIR,1,"59,738"
IOWA,19,ADAMS,3,"67,593"
IOWA,19,CASS,29,"85,762"
IOWA,19,FREMONT,71,"93,102"
IOWA,19,MILLS,129,"66,158"
IOWA,19,MONTGOMERY,137,"54,096"
IOWA,19,PAGE,145,"72,176"
IOWA,19,POTTAWATTAMIE,155,"103,354"
IOWA,19,TAYLOR,173,"65,411"
IOWA,19,AUDUBON,9,"120,876"
IOWA,19,CALHOUN,25,"115,745"
IOWA,19,CARROLL,27,"127,672"
IOWA,19,CRAWFORD,47,"111,752"
IOWA,19,GREENE,73,"104,742"
IOWA,19,GUTHRIE,77,"85,616"
IOWA,19,HARRISON,85,"68,277"
IOWA,19,IDA,93,"94,967"
IOWA,19,MONONA,133,"90,696"
IOWA,19,SAC,161,"141,575"
IOWA,19,SHELBY,165,"94,502"
IOWA,19,WOODBURY,193,"90,914"
KANSAS,20,BARTON,9,"77,416"
KANSAS,20,DICKINSON,41,"33,874"
KANSAS,20,ELLIS,51,"23,978"
KANSAS,20,ELLSWORTH,53,"41,904"
KANSAS,20,LINCOLN,105,"29,088"
KANSAS,20,MARION,115,"33,722"
KANSAS,20,MCPHERSON,113,"32,240"
KANSAS,20,RICE,159,"112,915"
KANSAS,20,RUSH,165,"45,915"
KANSAS,20,RUSSELL,167,"24,845"
KANSAS,20,SALINE,169,"16,648"
KANSAS,20,ANDERSON,3,"62,348"
KANSAS,20,CHASE,17,"72,134"
KANSAS,20,COFFEY,31,"31,695"
KANSAS,20,DOUGLAS,45,"18,599"
KANSAS,20,FRANKLIN,59,"26,326"
KANSAS,20,GEARY,61,"48,322"
KANSAS,20,JOHNSON,91,"9,936"
KANSAS,20,LINN,107,"17,922"
KANSAS,20,LYON,111,"34,055"
KANSAS,20,MIAMI,121,"9,527"
KANSAS,20,MORRIS,127,"56,135"
KANSAS,20,OSAGE,139,"24,257"
KANSAS,20,SHAWNEE,177,"13,037"
KANSAS,20,WABAUNSEE,197,"19,462"
KANSAS,20,CLAY,27,"54,767"
KANSAS,20,CLOUD,29,"53,175"
KANSAS,20,JEWELL,89,"66,792"
KANSAS,20,MITCHELL,123,"43,310"
KANSAS,20,OSBORNE,141,"32,915"
KANSAS,20,OTTAWA,143,"37,100"
KANSAS,20,PHILLIPS,147,"54,100"
KANSAS,20,REPUBLIC,157,"56,379"
KANSAS,20,ROOKS,163,"22,408"
KANSAS,20,SMITH,183,"90,355"
KANSAS,20,WASHINGTON,201,"51,718"
KANSAS,20,ATCHISON,5,"48,308"
KANSAS,20,BROWN,13,"68,333"
KANSAS,20,DONIPHAN,43,"57,906"
KANSAS,20,JACKSON,85,"10,243"
KANSAS,20,JEFFERSON,87,"20,795"
KANSAS,20,LEAVENWORTH,103,"2,281"
KANSAS,20,MARSHALL,117,"27,659"
KANSAS,20,NEMAHA,131,"42,892"
KANSAS,20,POTTAWATOMIE,149,"25,730"
KANSAS,20,RILEY,161,"21,039"
KANSAS,20,WYANDOTTE,209,"-5,911"
KANSAS,20,CHEYENNE,23,"75,628"
KANSAS,20,DECATUR,39,"54,294"
KANSAS,20,GRAHAM,65,"29,108"
KANSAS,20,NORTON,137,"91,908"
KANSAS,20,RAWLINS,153,"45,191"
KANSAS,20,SHERIDAN,179,"87,608"
KANSAS,20,SHERMAN,181,"77,483"
KANSAS,20,THOMAS,193,"73,250"
KANSAS,20,BARBER,7,"33,467"
KANSAS,20,COMANCHE,33,"56,240"
KANSAS,20,EDWARDS,47,"178,892"
KANSAS,20,HARPER,77,"23,766"
KANSAS,20,HARVEY,79,"36,543"
KANSAS,20,KINGMAN,95,"25,082"
KANSAS,20,KIOWA,97,"48,204"
KANSAS,20,PAWNEE,145,"83,626"
KANSAS,20,PRATT,151,"85,478"
KANSAS,20,RENO,155,"25,567"
KANSAS,20,SEDGWICK,173,"18,655"
KANSAS,20,STAFFORD,185,"91,366"
KANSAS,20,SUMNER,191,"40,732"
KANSAS,20,ALLEN,1,"24,764"
KANSAS,20,BOURBON,11,"23,620"
KANSAS,20,BUTLER,15,"40,433"
KANSAS,20,CHAUTAUQUA,19,"15,166"
KANSAS,20,CHEROKEE,21,"33,037"
KANSAS,20,COWLEY,35,"23,902"
KANSAS,20,CRAWFORD,37,"20,345"
KANSAS,20,ELK,49,"12,138"
KANSAS,20,GREENWOOD,73,"30,059"
KANSAS,20,LABETTE,99,"33,698"
KANSAS,20,MONTGOMERY,125,"17,003"
KANSAS,20,NEOSHO,133,"18,557"
KANSAS,20,WILSON,205,"39,992"
KANSAS,20,WOODSON,207,"30,827"
KANSAS,20,CLARK,25,"95,850"
KANSAS,20,FINNEY,55,"222,350"
KANSAS,20,FORD,57,"93,122"
KANSAS,20,GRANT,67,"160,832"
KANSAS,20,GRAY,69,"280,592"
KANSAS,20,HAMILTON,75,"146,634"
KANSAS,20,HASKELL,81,"372,371"
KANSAS,20,HODGEMAN,83,"122,473"
KANSAS,20,KEARNY,93,"112,631"
KANSAS,20,MEADE,119,"147,902"
KANSAS,20,MORTON,129,"69,413"
KANSAS,20,SEWARD,175,"153,151"
KANSAS,20,STANTON,187,"155,828"
KANSAS,20,STEVENS,189,"156,150"
KANSAS,20,GOVE,63,"45,251"
KANSAS,20,GREELEY,71,"214,109"
KANSAS,20,LANE,101,"104,016"
KANSAS,20,LOGAN,109,"51,512"
KANSAS,20,NESS,135,"40,830"
KANSAS,20,SCOTT,171,"244,213"
KANSAS,20,TREGO,195,"55,142"
KANSAS,20,WALLACE,199,"72,040"
KANSAS,20,WICHITA,203,"251,967"
KENTUCKY,21,ANDERSON,5,"-3,238"
KENTUCKY,21,BATH,11,"4,347"
KENTUCKY,21,BOURBON,17,"75,422"
KENTUCKY,21,BOYLE,21,"3,437"
KENTUCKY,21,CLARK,49,842
KENTUCKY,21,FAYETTE,67,"95,034"
KENTUCKY,21,FLEMING,69,"6,862"
KENTUCKY,21,FRANKLIN,73,"3,298"
KENTUCKY,21,GARRARD,79,"1,947"
KENTUCKY,21,HARRISON,97,"1,754"
KENTUCKY,21,JESSAMINE,113,"76,164"
KENTUCKY,21,LINCOLN,137,"10,855"
KENTUCKY,21,MADISON,151,"4,567"
KENTUCKY,21,MASON,161,"11,223"
KENTUCKY,21,MERCER,167,"2,691"
KENTUCKY,21,MONTGOMERY,173,"2,541"
KENTUCKY,21,NICHOLAS,181,"10,308"
KENTUCKY,21,ROBERTSON,201,"1,134"
KENTUCKY,21,SCOTT,209,"6,600"
KENTUCKY,21,SHELBY,211,"5,124"
KENTUCKY,21,SPENCER,215,"6,617"
KENTUCKY,21,WASHINGTON,229,"4,607"
KENTUCKY,21,WOODFORD,239,"33,512"
KENTUCKY,21,ADAIR,1,"16,291"
KENTUCKY,21,ALLEN,3,"11,914"
KENTUCKY,21,BARREN,9,"15,235"
KENTUCKY,21,BRECKINRIDGE,27,"23,659"
KENTUCKY,21,BULLITT,29,"-3,990"
KENTUCKY,21,BUTLER,31,"29,439"
KENTUCKY,21,CASEY,45,"5,445"
KENTUCKY,21,CLINTON,53,"27,208"
KENTUCKY,21,CUMBERLAND,57,"6,752"
KENTUCKY,21,EDMONSON,61,"14,067"
KENTUCKY,21,GRAYSON,85,"11,490"
KENTUCKY,21,GREEN,87,"14,976"
KENTUCKY,21,HARDIN,93,"8,303"
KENTUCKY,21,HART,99,"6,346"
KENTUCKY,21,JEFFERSON,111,"-4,475"
KENTUCKY,21,LARUE,123,"13,358"
KENTUCKY,21,MARION,155,"10,903"
KENTUCKY,21,MEADE,163,"11,978"
KENTUCKY,21,METCALFE,169,"9,495"
KENTUCKY,21,MONROE,171,"42,627"
KENTUCKY,21,NELSON,179,"6,921"
KENTUCKY,21,RUSSELL,207,"8,336"
KENTUCKY,21,TAYLOR,217,"14,429"
KENTUCKY,21,WARREN,227,"16,440"
KENTUCKY,21,BELL,13,"-7,385"
KENTUCKY,21,BOYD,19,"-6,012"
KENTUCKY,21,BREATHITT,25,"-6,611"
KENTUCKY,21,CARTER,43,"-2,411"
KENTUCKY,21,CLAY,51,"4,085"
KENTUCKY,21,ELLIOTT,63,187
KENTUCKY,21,ESTILL,65,"-1,379"
KENTUCKY,21,FLOYD,71,"1,882"
KENTUCKY,21,GREENUP,89,"-1,065"
KENTUCKY,21,HARLAN,95,"-2,529"
KENTUCKY,21,JACKSON,109,"-1,222"
KENTUCKY,21,JOHNSON,115,"-6,565"
KENTUCKY,21,KNOTT,119,"-4,501"
KENTUCKY,21,KNOX,121,"-3,887"
KENTUCKY,21,LAUREL,125,167
KENTUCKY,21,LAWRENCE,127,"-2,088"
KENTUCKY,21,LEE,129,"-1,335"
KENTUCKY,21,LESLIE,131,"-2,914"
KENTUCKY,21,LETCHER,133,"-2,361"
KENTUCKY,21,LEWIS,135,"2,906"
KENTUCKY,21,MAGOFFIN,153,"-4,101"
KENTUCKY,21,MARTIN,159,"-2,850"
KENTUCKY,21,MCCREARY,147,"-3,512"
KENTUCKY,21,MENIFEE,165,"-1,677"
KENTUCKY,21,MORGAN,175,-158
KENTUCKY,21,OWSLEY,189,"-1,301"
KENTUCKY,21,PERRY,193,"-4,949"
KENTUCKY,21,PIKE,195,"-4,029"
KENTUCKY,21,POWELL,197,-700
KENTUCKY,21,PULASKI,199,"4,327"
KENTUCKY,21,ROCKCASTLE,203,"-1,846"
KENTUCKY,21,ROWAN,205,"-5,082"
KENTUCKY,21,WAYNE,231,"25,362"
KENTUCKY,21,WHITLEY,235,-93
KENTUCKY,21,WOLFE,237,"-1,569"
KENTUCKY,21,CALDWELL,33,"14,983"
KENTUCKY,21,CHRISTIAN,47,"61,480"
KENTUCKY,21,CRITTENDEN,55,"22,320"
KENTUCKY,21,DAVIESS,59,"68,540"
KENTUCKY,21,HANCOCK,91,"11,651"
KENTUCKY,21,HENDERSON,101,"85,374"
KENTUCKY,21,HOPKINS,107,"76,450"
KENTUCKY,21,LOGAN,141,"35,609"
KENTUCKY,21,MCLEAN,149,"160,093"
KENTUCKY,21,MUHLENBERG,177,"52,962"
KENTUCKY,21,OHIO,183,"61,610"
KENTUCKY,21,SIMPSON,213,"56,710"
KENTUCKY,21,TODD,219,"91,003"
KENTUCKY,21,UNION,225,"123,935"
KENTUCKY,21,WEBSTER,233,"124,992"
KENTUCKY,21,BOONE,15,"3,448"
KENTUCKY,21,BRACKEN,23,"1,743"
KENTUCKY,21,CAMPBELL,37,292
KENTUCKY,21,CARROLL,41,"1,213"
KENTUCKY,21,GALLATIN,77,"7,777"
KENTUCKY,21,GRANT,81,"-3,118"
KENTUCKY,21,HENRY,103,"5,496"
KENTUCKY,21,KENTON,117,-790
KENTUCKY,21,OLDHAM,185,-835
KENTUCKY,21,OWEN,187,"2,282"
KENTUCKY,21,PENDLETON,191,"-1,400"
KENTUCKY,21,TRIMBLE,223,"5,520"
KENTUCKY,21,BALLARD,7,"97,851"
KENTUCKY,21,CALLOWAY,35,"51,662"
KENTUCKY,21,CARLISLE,39,"93,570"
KENTUCKY,21,FULTON,75,"154,367"
KENTUCKY,21,GRAVES,83,"120,540"
KENTUCKY,21,HICKMAN,105,"271,082"
KENTUCKY,21,LIVINGSTON,139,"17,042"
KENTUCKY,21,LYON,143,"5,542"
KENTUCKY,21,MARSHALL,157,"14,195"
KENTUCKY,21,MCCRACKEN,145,"25,756"
KENTUCKY,21,TRIGG,221,"38,521"
LOUISIANA,22,AVOYELLES,9,"45,803"
LOUISIANA,22,CATAHOULA,25,"41,861"
LOUISIANA,22,CONCORDIA,29,"103,217"
LOUISIANA,22,EVANGELINE,39,"33,263"
LOUISIANA,22,GRANT,43,"-1,292"
LOUISIANA,22,LA SALLE,59,"-6,990"
LOUISIANA,22,POINTE COUPEE,77,"37,143"
LOUISIANA,22,RAPIDES,79,"47,702"
LOUISIANA,22,SAINT LANDRY,97,"16,273"
LOUISIANA,22,WEST BATON ROUGE,121,"24,893"
LOUISIANA,22,EAST BATON ROUGE,33,"-5,902"
LOUISIANA,22,EAST FELICIANA,37,"-7,117"
LOUISIANA,22,LIVINGSTON,63,"8,302"
LOUISIANA,22,SAINT HELENA,91,"-8,763"
LOUISIANA,22,SAINT TAMMANY,103,"-9,084"
LOUISIANA,22,TANGIPAHOA,105,581
LOUISIANA,22,WASHINGTON,117,"3,334"
LOUISIANA,22,WEST FELICIANA,125,"20,383"
LOUISIANA,22,BIENVILLE,13,"42,947"
LOUISIANA,22,CALDWELL,21,"23,882"
LOUISIANA,22,CLAIBORNE,27,"144,739"
LOUISIANA,22,JACKSON,49,"109,278"
LOUISIANA,22,LINCOLN,61,"166,551"
LOUISIANA,22,OUACHITA,73,"28,273"
LOUISIANA,22,UNION,111,"152,994"
LOUISIANA,22,WINN,127,"27,258"
LOUISIANA,22,EAST CARROLL,35,"183,676"
LOUISIANA,22,FRANKLIN,41,"49,924"
LOUISIANA,22,MADISON,65,"96,509"
LOUISIANA,22,MOREHOUSE,67,"95,773"
LOUISIANA,22,RICHLAND,83,"44,102"
LOUISIANA,22,TENSAS,107,"162,479"
LOUISIANA,22,WEST CARROLL,123,"26,323"
LOUISIANA,22,BOSSIER,15,"-3,715"
LOUISIANA,22,CADDO,17,"9,487"
LOUISIANA,22,DE SOTO,31,"-4,209"
LOUISIANA,22,RED RIVER,81,"15,855"
LOUISIANA,22,WEBSTER,119,-230
LOUISIANA,22,ASSUMPTION,7,"16,585"
LOUISIANA,22,IBERIA,45,"-4,549"
LOUISIANA,22,IBERVILLE,47,"29,592"
LOUISIANA,22,LAFAYETTE,55,"4,093"
LOUISIANA,22,SAINT MARTIN,99,"10,395"
LOUISIANA,22,SAINT MARY,101,"82,042"
LOUISIANA,22,ASCENSION,5,"4,750"
LOUISIANA,22,JEFFERSON,51,"4,276"
LOUISIANA,22,LAFOURCHE,57,"27,730"
LOUISIANA,22,ORLEANS,71, (D)
LOUISIANA,22,PLAQUEMINES,75,"21,277"
LOUISIANA,22,SAINT BERNARD,87,"58,996"
LOUISIANA,22,SAINT CHARLES,89,"3,128"
LOUISIANA,22,SAINT JAMES,93,"33,562"
LOUISIANA,22,ST. JOHN THE BAPTIST,95, (D)
LOUISIANA,22,TERREBONNE,109,"11,987"
LOUISIANA,22,ACADIA,1,"25,165"
LOUISIANA,22,ALLEN,3,"8,299"
LOUISIANA,22,BEAUREGARD,11,-96
LOUISIANA,22,CALCASIEU,19,-754
LOUISIANA,22,CAMERON,23,"8,772"
LOUISIANA,22,JEFFERSON DAVIS,53,"38,609"
LOUISIANA,22,VERMILION,113,"34,994"
LOUISIANA,22,NATCHITOCHES,69,"58,194"
LOUISIANA,22,SABINE,85,"187,903"
LOUISIANA,22,VERNON,115,"28,537"
MAINE,23,HANCOCK,9,"5,794"
MAINE,23,PENOBSCOT,19,"10,245"
MAINE,23,PISCATAQUIS,21,"11,060"
MAINE,23,SOMERSET,25,"48,059"
MAINE,23,WALDO,27,"8,169"
MAINE,23,WASHINGTON,29,"15,010"
MAINE,23,AROOSTOOK,3,"74,660"
MAINE,23,ANDROSCOGGIN,1,"14,466"
MAINE,23,CUMBERLAND,5,"-4,969"
MAINE,23,FRANKLIN,7,"10,610"
MAINE,23,KENNEBEC,11,"13,246"
MAINE,23,KNOX,13,"9,131"
MAINE,23,LINCOLN,15,"9,515"
MAINE,23,OXFORD,17,"5,620"
MAINE,23,SAGADAHOC,23,-357
MAINE,23,YORK,31,"5,212"
MARYLAND,24,DORCHESTER,19,"149,849"
MARYLAND,24,SOMERSET,39,"341,079"
MARYLAND,24,WICOMICO,45,"196,399"
MARYLAND,24,WORCESTER,47,"230,310"
MARYLAND,24,BALTIMORE,5,"6,796"
MARYLAND,24,CARROLL,13,"17,591"
MARYLAND,24,FREDERICK,21,"17,190"
MARYLAND,24,HARFORD,25,"6,290"
MARYLAND,24,HOWARD,27,"6,513"
MARYLAND,24,MONTGOMERY,31,"-6,340"
MARYLAND,24,WASHINGTON,43,"49,211"
MARYLAND,24,ANNE ARUNDEL,3,"9,291"
MARYLAND,24,CALVERT,9,"-7,256"
MARYLAND,24,CHARLES,17,"-1,957"
MARYLAND,24,PRINCE GEORGES,33,"1,022"
MARYLAND,24,ST MARYS,37,"5,941"
MARYLAND,24,CAROLINE,11,"157,922"
MARYLAND,24,CECIL,15,"37,561"
MARYLAND,24,KENT,29,"89,491"
MARYLAND,24,QUEEN ANNES,35,"122,480"
MARYLAND,24,TALBOT,41,"71,003"
MARYLAND,24,ALLEGANY,1,"1,156"
MARYLAND,24,GARRETT,23,"12,287"
MASSACHUSETTS,25,BARNSTABLE,1,"10,916"
MASSACHUSETTS,25,BERKSHIRE,3,"1,153"
MASSACHUSETTS,25,BRISTOL,5,"-3,922"
MASSACHUSETTS,25,DUKES,7,"-3,268"
MASSACHUSETTS,25,ESSEX,9,"7,123"
MASSACHUSETTS,25,FRANKLIN,11,"15,390"
MASSACHUSETTS,25,HAMPDEN,13,"11,403"
MASSACHUSETTS,25,HAMPSHIRE,15,"15,627"
MASSACHUSETTS,25,MIDDLESEX,17,"3,496"
MASSACHUSETTS,25,NANTUCKET,19,"32,705"
MASSACHUSETTS,25,NORFOLK,21,"8,830"
MASSACHUSETTS,25,PLYMOUTH,23,"14,144"
MASSACHUSETTS,25,SUFFOLK,25,"-4,017"
MASSACHUSETTS,25,WORCESTER,27,"5,193"
MICHIGAN,26,CLARE,35,"9,391"
MICHIGAN,26,GLADWIN,51,"4,079"
MICHIGAN,26,GRATIOT,57,"61,677"
MICHIGAN,26,ISABELLA,73,"21,576"
MICHIGAN,26,MECOSTA,107,"18,888"
MICHIGAN,26,MIDLAND,111,"8,661"
MICHIGAN,26,MONTCALM,117,"35,521"
MICHIGAN,26,OSCEOLA,133,"13,376"
MICHIGAN,26,ARENAC,11,"31,948"
MICHIGAN,26,BAY,17,"36,540"
MICHIGAN,26,HURON,63,"93,711"
MICHIGAN,26,SAGINAW,145,"28,578"
MICHIGAN,26,SANILAC,151,"68,512"
MICHIGAN,26,TUSCOLA,157,"41,724"
MICHIGAN,26,ALCONA,1,"10,877"
MICHIGAN,26,ALPENA,7,"16,692"
MICHIGAN,26,CHEBOYGAN,31,-842
MICHIGAN,26,CRAWFORD,39,"-8,796"
MICHIGAN,26,IOSCO,69,"14,257"
MICHIGAN,26,MONTMORENCY,119,"13,303"
MICHIGAN,26,OGEMAW,129,"48,038"
MICHIGAN,26,OSCODA,135,"15,635"
MICHIGAN,26,OTSEGO,137,"3,241"
MICHIGAN,26,PRESQUE ISLE,141,"12,988"
MICHIGAN,26,ROSCOMMON,143,124
MICHIGAN,26,ANTRIM,9,"24,221"
MICHIGAN,26,BENZIE,19,"6,734"
MICHIGAN,26,CHARLEVOIX,29,"9,578"
MICHIGAN,26,EMMET,47,"-7,053"
MICHIGAN,26,GRAND TRAVERSE,55,"21,630"
MICHIGAN,26,KALKASKA,79,"6,387"
MICHIGAN,26,LEELANAU,89,"3,945"
MICHIGAN,26,MANISTEE,101,"1,881"
MICHIGAN,26,MISSAUKEE,113,"59,255"
MICHIGAN,26,WEXFORD,165,"10,461"
MICHIGAN,26,BARRY,15,"34,406"
MICHIGAN,26,BRANCH,23,"44,227"
MICHIGAN,26,CALHOUN,25,"17,178"
MICHIGAN,26,CLINTON,37,"24,209"
MICHIGAN,26,EATON,45,"21,815"
MICHIGAN,26,HILLSDALE,59,"24,418"
MICHIGAN,26,INGHAM,65,"27,245"
MICHIGAN,26,IONIA,67,"52,362"
MICHIGAN,26,JACKSON,75,"5,902"
MICHIGAN,26,SHIAWASSEE,155,"20,231"
MICHIGAN,26,ST JOSEPH,149,"57,268"
MICHIGAN,26,GENESEE,49,"9,951"
MICHIGAN,26,LAPEER,87,"17,531"
MICHIGAN,26,LENAWEE,91,"38,772"
MICHIGAN,26,LIVINGSTON,93,"13,475"
MICHIGAN,26,MACOMB,99,"34,666"
MICHIGAN,26,MONROE,115,"25,409"
MICHIGAN,26,OAKLAND,125,"3,054"
MICHIGAN,26,ST CLAIR,147,"18,642"
MICHIGAN,26,WASHTENAW,161,"7,649"
MICHIGAN,26,WAYNE,163,"8,625"
MICHIGAN,26,ALLEGAN,5,"89,146"
MICHIGAN,26,BERRIEN,21,"41,425"
MICHIGAN,26,CASS,27,"38,567"
MICHIGAN,26,KALAMAZOO,77,"80,044"
MICHIGAN,26,KENT,81,"43,311"
MICHIGAN,26,OTTAWA,139,"75,453"
MICHIGAN,26,VAN BUREN,159,"39,501"
MICHIGAN,26,ALGER,3,-559
MICHIGAN,26,BARAGA,13,"12,846"
MICHIGAN,26,CHIPPEWA,33,"8,565"
MICHIGAN,26,DELTA,41,"5,571"
MICHIGAN,26,DICKINSON,43,455
MICHIGAN,26,GOGEBIC,53,"2,183"
MICHIGAN,26,HOUGHTON,61,"5,290"
MICHIGAN,26,IRON,71,"-1,849"
MICHIGAN,26,KEWEENAW,83,"-4,226"
MICHIGAN,26,LUCE,95,"2,208"
MICHIGAN,26,MACKINAC,97,"19,713"
MICHIGAN,26,MARQUETTE,103,"-6,506"
MICHIGAN,26,MENOMINEE,109,"26,537"
MICHIGAN,26,ONTONAGON,131,"7,349"
MICHIGAN,26,SCHOOLCRAFT,153,"3,880"
MICHIGAN,26,LAKE,85,"-1,226"
MICHIGAN,26,MASON,105,"28,387"
MICHIGAN,26,MUSKEGON,121,"20,855"
MICHIGAN,26,NEWAYGO,123,"30,158"
MICHIGAN,26,OCEANA,127,"30,500"
MINNESOTA,27,BENTON,9,"71,503"
MINNESOTA,27,CARVER,19,"39,198"
MINNESOTA,27,KANDIYOHI,67,"79,842"
MINNESOTA,27,MCLEOD,85,"38,491"
MINNESOTA,27,MEEKER,93,"65,836"
MINNESOTA,27,MORRISON,97,"63,349"
MINNESOTA,27,RENVILLE,129,"152,510"
MINNESOTA,27,SCOTT,139,"21,543"
MINNESOTA,27,SHERBURNE,141,"45,219"
MINNESOTA,27,SIBLEY,143,"84,607"
MINNESOTA,27,STEARNS,145,"61,212"
MINNESOTA,27,TODD,153,"29,071"
MINNESOTA,27,WADENA,159,"28,519"
MINNESOTA,27,WRIGHT,171,"25,886"
MINNESOTA,27,AITKIN,1,"2,097"
MINNESOTA,27,ANOKA,3,"36,178"
MINNESOTA,27,CARLTON,17,"1,265"
MINNESOTA,27,CHISAGO,25,"14,983"
MINNESOTA,27,CROW WING,35,"6,595"
MINNESOTA,27,HENNEPIN,53,"21,483"
MINNESOTA,27,ISANTI,59,"2,111"
MINNESOTA,27,KANABEC,65,"9,226"
MINNESOTA,27,MILLE LACS,95,"6,630"
MINNESOTA,27,PINE,115,"9,479"
MINNESOTA,27,RAMSEY,123,"-3,933"
MINNESOTA,27,WASHINGTON,163,"25,069"
MINNESOTA,27,BELTRAMI,7,"9,893"
MINNESOTA,27,CASS,21,"11,451"
MINNESOTA,27,HUBBARD,57,"33,314"
MINNESOTA,27,ITASCA,61,-706
MINNESOTA,27,KOOCHICHING,71,"7,833"
MINNESOTA,27,LAKE OF THE WOODS,77,"39,428"
MINNESOTA,27,COOK,31,"6,128"
MINNESOTA,27,LAKE,75,"-3,048"
MINNESOTA,27,ST. LOUIS,137,"2,667"
MINNESOTA,27,BECKER,5,"54,399"
MINNESOTA,27,CLAY,27,"94,869"
MINNESOTA,27,CLEARWATER,29,"22,046"
MINNESOTA,27,KITTSON,69,"86,000"
MINNESOTA,27,MAHNOMEN,87,"61,433"
MINNESOTA,27,MARSHALL,89,"64,026"
MINNESOTA,27,NORMAN,107,"79,805"
MINNESOTA,27,PENNINGTON,113,"47,720"
MINNESOTA,27,POLK,119,"75,632"
MINNESOTA,27,RED LAKE,125,"77,059"
MINNESOTA,27,ROSEAU,135,"41,931"
MINNESOTA,27,BLUE EARTH,13,"132,254"
MINNESOTA,27,BROWN,15,"96,476"
MINNESOTA,27,FARIBAULT,43,"99,245"
MINNESOTA,27,FREEBORN,47,"79,892"
MINNESOTA,27,LE SUEUR,79,"48,823"
MINNESOTA,27,MARTIN,91,"170,889"
MINNESOTA,27,NICOLLET,103,"128,605"
MINNESOTA,27,RICE,131,"39,879"
MINNESOTA,27,STEELE,147,"88,970"
MINNESOTA,27,WASECA,161,"95,187"
MINNESOTA,27,WATONWAN,165,"139,266"
MINNESOTA,27,DAKOTA,37,"70,955"
MINNESOTA,27,DODGE,39,"80,776"
MINNESOTA,27,FILLMORE,45,"42,387"
MINNESOTA,27,GOODHUE,49,"59,782"
MINNESOTA,27,HOUSTON,55,"28,011"
MINNESOTA,27,MOWER,99,"86,873"
MINNESOTA,27,OLMSTED,109,"43,347"
MINNESOTA,27,WABASHA,157,"60,941"
MINNESOTA,27,WINONA,169,"45,853"
MINNESOTA,27,COTTONWOOD,33,"134,764"
MINNESOTA,27,JACKSON,63,"108,169"
MINNESOTA,27,LINCOLN,81,"69,468"
MINNESOTA,27,LYON,83,"133,961"
MINNESOTA,27,MURRAY,101,"105,041"
MINNESOTA,27,NOBLES,105,"140,293"
MINNESOTA,27,PIPESTONE,117,"148,202"
MINNESOTA,27,REDWOOD,127,"111,512"
MINNESOTA,27,ROCK,133,"146,949"
MINNESOTA,27,BIG STONE,11,"84,356"
MINNESOTA,27,CHIPPEWA,23,"98,903"
MINNESOTA,27,DOUGLAS,41,"26,997"
MINNESOTA,27,GRANT,51,"81,115"
MINNESOTA,27,LAC QUI PARLE,73,"77,185"
MINNESOTA,27,OTTER TAIL,111,"37,088"
MINNESOTA,27,POPE,121,"55,194"
MINNESOTA,27,STEVENS,149,"126,192"
MINNESOTA,27,SWIFT,151,"92,807"
MINNESOTA,27,TRAVERSE,155,"124,594"
MINNESOTA,27,WILKIN,167,"99,332"
MINNESOTA,27,YELLOW MEDICINE,173,"63,032"
MISSISSIPPI,28,ATTALA,7,"9,800"
MISSISSIPPI,28,CARROLL,15,"22,894"
MISSISSIPPI,28,CHOCTAW,19,"24,165"
MISSISSIPPI,28,HOLMES,51,"14,598"
MISSISSIPPI,28,LEAKE,79,"271,894"
MISSISSIPPI,28,MADISON,89,"4,494"
MISSISSIPPI,28,MONTGOMERY,97,"17,599"
MISSISSIPPI,28,RANKIN,121,"97,850"
MISSISSIPPI,28,SCOTT,123,"157,962"
MISSISSIPPI,28,WEBSTER,155,"9,708"
MISSISSIPPI,28,CHICKASAW,17,"100,803"
MISSISSIPPI,28,CLAY,25,"100,779"
MISSISSIPPI,28,KEMPER,69,"-2,647"
MISSISSIPPI,28,LOWNDES,87,"48,866"
MISSISSIPPI,28,MONROE,95,"17,266"
MISSISSIPPI,28,NESHOBA,99,"191,153"
MISSISSIPPI,28,NOXUBEE,103,"79,369"
MISSISSIPPI,28,OKTIBBEHA,105,"-1,514"
MISSISSIPPI,28,WINSTON,159,"79,848"
MISSISSIPPI,28,HUMPHREYS,53,"154,237"
MISSISSIPPI,28,ISSAQUENA,55,"75,237"
MISSISSIPPI,28,LEFLORE,83,"209,682"
MISSISSIPPI,28,SHARKEY,125,"160,518"
MISSISSIPPI,28,SUNFLOWER,133,"188,954"
MISSISSIPPI,28,WASHINGTON,151,"150,065"
MISSISSIPPI,28,YAZOO,163,"54,832"
MISSISSIPPI,28,BENTON,9,"5,272"
MISSISSIPPI,28,CALHOUN,13,"34,224"
MISSISSIPPI,28,DE SOTO,33,"24,793"
MISSISSIPPI,28,GRENADA,43,"11,767"
MISSISSIPPI,28,LAFAYETTE,71,"3,315"
MISSISSIPPI,28,MARSHALL,93,"3,318"
MISSISSIPPI,28,PANOLA,107,"29,080"
MISSISSIPPI,28,TATE,137,"15,815"
MISSISSIPPI,28,YALOBUSHA,161,"11,133"
MISSISSIPPI,28,ALCORN,3,"8,007"
MISSISSIPPI,28,ITAWAMBA,57,"9,607"
MISSISSIPPI,28,LEE,81,"20,973"
MISSISSIPPI,28,PONTOTOC,115,"1,664"
MISSISSIPPI,28,PRENTISS,117,"17,435"
MISSISSIPPI,28,TIPPAH,139,"9,268"
MISSISSIPPI,28,TISHOMINGO,141,"7,205"
MISSISSIPPI,28,UNION,145,"4,901"
MISSISSIPPI,28,COVINGTON,31,"205,782"
MISSISSIPPI,28,JEFFERSON DAVIS,65,"55,803"
MISSISSIPPI,28,LAMAR,73,"41,761"
MISSISSIPPI,28,LAWRENCE,77,"129,033"
MISSISSIPPI,28,MARION,91,"86,038"
MISSISSIPPI,28,PIKE,113,"35,082"
MISSISSIPPI,28,SIMPSON,127,"166,409"
MISSISSIPPI,28,SMITH,129,"202,930"
MISSISSIPPI,28,WALTHALL,147,"61,384"
MISSISSIPPI,28,CLARKE,23,"53,627"
MISSISSIPPI,28,FORREST,35,"3,970"
MISSISSIPPI,28,GEORGE,39,"-1,786"
MISSISSIPPI,28,GREENE,41,"12,171"
MISSISSIPPI,28,HANCOCK,45,"-6,192"
MISSISSIPPI,28,HARRISON,47,"-4,843"
MISSISSIPPI,28,JACKSON,59,"1,727"
MISSISSIPPI,28,JASPER,61,"196,981"
MISSISSIPPI,28,JONES,67,"110,005"
MISSISSIPPI,28,LAUDERDALE,75,"-1,734"
MISSISSIPPI,28,NEWTON,101,"106,041"
MISSISSIPPI,28,PEARL RIVER,109,"-2,004"
MISSISSIPPI,28,PERRY,111,"41,379"
MISSISSIPPI,28,STONE,131,"-7,938"
MISSISSIPPI,28,WAYNE,153,"218,277"
MISSISSIPPI,28,ADAMS,1,"1,618"
MISSISSIPPI,28,AMITE,5,"83,974"
MISSISSIPPI,28,CLAIBORNE,21,"-3,568"
MISSISSIPPI,28,COPIAH,29,"66,962"
MISSISSIPPI,28,FRANKLIN,37,"2,500"
MISSISSIPPI,28,HINDS,49,"9,426"
MISSISSIPPI,28,JEFFERSON,63,"43,533"
MISSISSIPPI,28,LINCOLN,85,"52,694"
MISSISSIPPI,28,WARREN,149,"47,186"
MISSISSIPPI,28,WILKINSON,157,"-2,410"
MISSISSIPPI,28,BOLIVAR,11,"141,444"
MISSISSIPPI,28,COAHOMA,27,"163,052"
MISSISSIPPI,28,QUITMAN,119,"60,598"
MISSISSIPPI,28,TALLAHATCHIE,135,"113,258"
MISSISSIPPI,28,TUNICA,143,"319,690"
MISSOURI,29,BENTON,15,"29,208"
MISSOURI,29,BOONE,19,"20,171"
MISSOURI,29,CALLAWAY,27,"14,874"
MISSOURI,29,CAMDEN,29,"2,016"
MISSOURI,29,COLE,51,"5,320"
MISSOURI,29,COOPER,53,"40,165"
MISSOURI,29,DALLAS,59,"3,605"
MISSOURI,29,HICKORY,85,"12,093"
MISSOURI,29,HOWARD,89,"24,166"
MISSOURI,29,LACLEDE,105,"3,664"
MISSOURI,29,MARIES,125,"5,061"
MISSOURI,29,MILLER,131,"25,392"
MISSOURI,29,MONITEAU,135,"29,882"
MISSOURI,29,MORGAN,141,"48,717"
MISSOURI,29,OSAGE,151,"17,873"
MISSOURI,29,PETTIS,159,"52,483"
MISSOURI,29,PHELPS,161,"-2,260"
MISSOURI,29,POLK,167,"15,952"
MISSOURI,29,PULASKI,169,"11,893"
MISSOURI,29,SALINE,195,"101,731"
MISSOURI,29,CRAWFORD,55,"-1,026"
MISSOURI,29,FRANKLIN,71,"-4,757"
MISSOURI,29,GASCONADE,73,"11,418"
MISSOURI,29,JEFFERSON,99,"-2,540"
MISSOURI,29,LINCOLN,113,"15,670"
MISSOURI,29,MONTGOMERY,139,"35,798"
MISSOURI,29,PERRY,157,"20,346"
MISSOURI,29,ST CHARLES,183,"21,489"
MISSOURI,29,ST FRANCOIS,187,"-4,073"
MISSOURI,29,ST LOUIS,189,"13,300"
MISSOURI,29,STE GENEVIEVE,186,"8,368"
MISSOURI,29,WARREN,219,"24,028"
MISSOURI,29,WASHINGTON,221,"-2,015"
MISSOURI,29,ADAIR,1,"15,867"
MISSOURI,29,CARROLL,33,"58,467"
MISSOURI,29,CHARITON,41,"54,025"
MISSOURI,29,GRUNDY,79,"35,755"
MISSOURI,29,LINN,115,"21,933"
MISSOURI,29,LIVINGSTON,117,"44,776"
MISSOURI,29,MACON,121,"32,690"
MISSOURI,29,MERCER,129,"40,422"
MISSOURI,29,PUTNAM,171,"35,370"
MISSOURI,29,RANDOLPH,175,"37,552"
MISSOURI,29,SCHUYLER,197,"14,393"
MISSOURI,29,SULLIVAN,211,"76,547"
MISSOURI,29,AUDRAIN,7,"80,201"
MISSOURI,29,CLARK,45,"53,856"
MISSOURI,29,KNOX,103,"37,006"
MISSOURI,29,LEWIS,111,"27,952"
MISSOURI,29,MARION,127,"42,613"
MISSOURI,29,MONROE,137,"41,706"
MISSOURI,29,PIKE,163,"39,547"
MISSOURI,29,RALLS,173,"32,986"
MISSOURI,29,SCOTLAND,199,"65,030"
MISSOURI,29,SHELBY,205,"41,854"
MISSOURI,29,ANDREW,3,"33,935"
MISSOURI,29,ATCHISON,5,"123,661"
MISSOURI,29,BUCHANAN,21,"31,764"
MISSOURI,29,CALDWELL,25,"26,642"
MISSOURI,29,CLAY,47,"8,550"
MISSOURI,29,CLINTON,49,"15,352"
MISSOURI,29,DAVIESS,61,"29,503"
MISSOURI,29,DE KALB,63,"17,208"
MISSOURI,29,GENTRY,75,"41,641"
MISSOURI,29,HARRISON,81,"28,568"
MISSOURI,29,HOLT,87,"98,214"
MISSOURI,29,NODAWAY,147,"33,715"
MISSOURI,29,PLATTE,165,"38,190"
MISSOURI,29,RAY,177,"31,698"
MISSOURI,29,WORTH,227,"34,056"
MISSOURI,29,BOLLINGER,17,"8,625"
MISSOURI,29,CARTER,35,299
MISSOURI,29,DENT,65,"5,673"
MISSOURI,29,DOUGLAS,67,"-1,148"
MISSOURI,29,HOWELL,91,"4,111"
MISSOURI,29,IRON,93,"-3,409"
MISSOURI,29,MADISON,123,"1,858"
MISSOURI,29,OREGON,149,"3,839"
MISSOURI,29,OZARK,153,262
MISSOURI,29,REYNOLDS,179,"-3,980"
MISSOURI,29,RIPLEY,181,"14,254"
MISSOURI,29,SHANNON,203,"2,086"
MISSOURI,29,TANEY,213,"8,211"
MISSOURI,29,TEXAS,215,"2,808"
MISSOURI,29,WAYNE,223,"5,846"
MISSOURI,29,WEBSTER,225,81
MISSOURI,29,WRIGHT,229,"5,022"
MISSOURI,29,BUTLER,23,"69,517"
MISSOURI,29,CAPE GIRARDEAU,31,"19,276"
MISSOURI,29,DUNKLIN,69,"244,175"
MISSOURI,29,MISSISSIPPI,133,"386,039"
MISSOURI,29,NEW MADRID,143,"303,710"
MISSOURI,29,PEMISCOT,155,"288,368"
MISSOURI,29,SCOTT,201,"124,623"
MISSOURI,29,STODDARD,207,"120,382"
MISSOURI,29,BARRY,9,"79,371"
MISSOURI,29,BARTON,11,"53,319"
MISSOURI,29,CHRISTIAN,43,"1,034"
MISSOURI,29,DADE,57,"23,730"
MISSOURI,29,GREENE,77,"-3,243"
MISSOURI,29,JASPER,97,"18,909"
MISSOURI,29,LAWRENCE,109,"31,309"
MISSOURI,29,MCDONALD,119,"61,376"
MISSOURI,29,NEWTON,145,"42,285"
MISSOURI,29,STONE,209,"12,698"
MISSOURI,29,BATES,13,"34,490"
MISSOURI,29,CASS,37,"23,141"
MISSOURI,29,CEDAR,39,"6,913"
MISSOURI,29,HENRY,83,"29,298"
MISSOURI,29,JACKSON,95,"10,576"
MISSOURI,29,JOHNSON,101,"20,656"
MISSOURI,29,LAFAYETTE,107,"38,777"
MISSOURI,29,ST CLAIR,185,"15,000"
MISSOURI,29,VERNON,217,"56,839"
MONTANA,30,BROADWATER,7,"40,774"
MONTANA,30,CASCADE,13,"21,194"
MONTANA,30,FERGUS,27,"27,865"
MONTANA,30,GOLDEN VALLEY,37,"24,631"
MONTANA,30,JUDITH BASIN,45,"63,467"
MONTANA,30,LEWIS AND CLARK,49,"4,328"
MONTANA,30,MEAGHER,59,"46,736"
MONTANA,30,MUSSELSHELL,65,"21,173"
MONTANA,30,PETROLEUM,69,"48,869"
MONTANA,30,WHEATLAND,107,"67,150"
MONTANA,30,BLAINE,5,"66,687"
MONTANA,30,CHOUTEAU,15,"79,434"
MONTANA,30,GLACIER,35,"45,151"
MONTANA,30,HILL,41,"58,330"
MONTANA,30,LIBERTY,51,"122,015"
MONTANA,30,PHILLIPS,71,"53,104"
MONTANA,30,PONDERA,73,"63,169"
MONTANA,30,TETON,99,"36,168"
MONTANA,30,TOOLE,101,"75,031"
MONTANA,30,DANIELS,19,"27,904"
MONTANA,30,DAWSON,21,"30,100"
MONTANA,30,GARFIELD,33,"54,382"
MONTANA,30,MCCONE,55,"25,325"
MONTANA,30,RICHLAND,83,"53,759"
MONTANA,30,ROOSEVELT,85,"28,445"
MONTANA,30,SHERIDAN,91,"48,634"
MONTANA,30,VALLEY,105,"41,765"
MONTANA,30,DEER LODGE,23,"21,225"
MONTANA,30,FLATHEAD,29,"-2,337"
MONTANA,30,GRANITE,39,"23,881"
MONTANA,30,LAKE,47,"3,651"
MONTANA,30,LINCOLN,53,"-5,660"
MONTANA,30,MINERAL,61,"-3,671"
MONTANA,30,MISSOULA,63,"-5,127"
MONTANA,30,POWELL,77,"29,061"
MONTANA,30,RAVALLI,81,923
MONTANA,30,SANDERS,89,"7,850"
MONTANA,30,BIG HORN,3,"47,106"
MONTANA,30,CARBON,9,"33,140"
MONTANA,30,PARK,67,"5,216"
MONTANA,30,STILLWATER,95,"23,901"
MONTANA,30,SWEET GRASS,97,"6,292"
MONTANA,30,TREASURE,103,"98,745"
MONTANA,30,YELLOWSTONE,111,"17,076"
MONTANA,30,CARTER,11,"80,193"
MONTANA,30,CUSTER,17,"37,006"
MONTANA,30,FALLON,25,"42,462"
MONTANA,30,POWDER RIVER,75,"50,795"
MONTANA,30,PRAIRIE,79,"61,846"
MONTANA,30,ROSEBUD,87,"45,112"
MONTANA,30,WIBAUX,109,"29,044"
MONTANA,30,BEAVERHEAD,1,"57,223"
MONTANA,30,GALLATIN,31,"21,113"
MONTANA,30,JEFFERSON,43,"9,505"
MONTANA,30,MADISON,57,"34,304"
MONTANA,30,SILVER BOW,93,"-1,066"
NEBRASKA,31,BUFFALO,19,"76,508"
NEBRASKA,31,CUSTER,41,"61,700"
NEBRASKA,31,DAWSON,47,"134,473"
NEBRASKA,31,GREELEY,77,"92,463"
NEBRASKA,31,HALL,79,"127,016"
NEBRASKA,31,HOWARD,93,"48,191"
NEBRASKA,31,SHERMAN,163,"59,712"
NEBRASKA,31,VALLEY,175,"88,883"
NEBRASKA,31,BUTLER,23,"88,555"
NEBRASKA,31,CASS,25,"51,491"
NEBRASKA,31,COLFAX,37,"160,192"
NEBRASKA,31,DODGE,53,"123,335"
NEBRASKA,31,DOUGLAS,55,"30,588"
NEBRASKA,31,HAMILTON,81,"139,128"
NEBRASKA,31,LANCASTER,109,"24,412"
NEBRASKA,31,MERRICK,121,"101,302"
NEBRASKA,31,NANCE,125,"70,905"
NEBRASKA,31,PLATTE,141,"149,717"
NEBRASKA,31,POLK,143,"207,562"
NEBRASKA,31,SARPY,153,"31,177"
NEBRASKA,31,SAUNDERS,155,"64,184"
NEBRASKA,31,SEWARD,159,"88,805"
NEBRASKA,31,WASHINGTON,177,"59,160"
NEBRASKA,31,YORK,185,"149,314"
NEBRASKA,31,ARTHUR,5,"44,813"
NEBRASKA,31,BLAINE,9,"71,576"
NEBRASKA,31,BOYD,15,"86,175"
NEBRASKA,31,BROWN,17,"139,005"
NEBRASKA,31,CHERRY,31,"85,008"
NEBRASKA,31,GARFIELD,71,"13,841"
NEBRASKA,31,GRANT,75,"102,368"
NEBRASKA,31,HOLT,89,"66,066"
NEBRASKA,31,HOOKER,91,"2,464"
NEBRASKA,31,KEYA PAHA,103,"47,578"
NEBRASKA,31,LOGAN,113,"50,925"
NEBRASKA,31,LOUP,115,"79,247"
NEBRASKA,31,MCPHERSON,117,"45,493"
NEBRASKA,31,ROCK,149,"67,694"
NEBRASKA,31,THOMAS,171,"52,851"
NEBRASKA,31,WHEELER,183,"153,701"
NEBRASKA,31,ANTELOPE,3,"128,351"
NEBRASKA,31,BOONE,11,"173,815"
NEBRASKA,31,BURT,21,"128,967"
NEBRASKA,31,CEDAR,27,"83,195"
NEBRASKA,31,CUMING,39,"208,355"
NEBRASKA,31,DAKOTA,43,"80,086"
NEBRASKA,31,DIXON,51,"98,515"
NEBRASKA,31,KNOX,107,"64,698"
NEBRASKA,31,MADISON,119,"97,745"
NEBRASKA,31,PIERCE,139,"89,155"
NEBRASKA,31,STANTON,167,"47,125"
NEBRASKA,31,THURSTON,173,"125,142"
NEBRASKA,31,WAYNE,179,"104,308"
NEBRASKA,31,BANNER,7,"35,729"
NEBRASKA,31,BOX BUTTE,13,"76,435"
NEBRASKA,31,CHEYENNE,33,"42,940"
NEBRASKA,31,DAWES,45,"17,216"
NEBRASKA,31,DEUEL,49,"28,817"
NEBRASKA,31,GARDEN,69,"73,016"
NEBRASKA,31,KIMBALL,105,"16,718"
NEBRASKA,31,MORRILL,123,"132,975"
NEBRASKA,31,SCOTTS BLUFF,157,"52,986"
NEBRASKA,31,SHERIDAN,161,"64,923"
NEBRASKA,31,SIOUX,165,"89,520"
NEBRASKA,31,ADAMS,1,"124,979"
NEBRASKA,31,FRANKLIN,61,"70,968"
NEBRASKA,31,FURNAS,65,"85,018"
NEBRASKA,31,GOSPER,73,"33,402"
NEBRASKA,31,HARLAN,83,"150,866"
NEBRASKA,31,KEARNEY,99,"171,422"
NEBRASKA,31,PHELPS,137,"238,327"
NEBRASKA,31,WEBSTER,181,"79,040"
NEBRASKA,31,CLAY,35,"163,447"
NEBRASKA,31,FILLMORE,59,"156,941"
NEBRASKA,31,GAGE,67,"57,513"
NEBRASKA,31,JEFFERSON,95,"84,866"
NEBRASKA,31,JOHNSON,97,"26,617"
NEBRASKA,31,NEMAHA,127,"75,423"
NEBRASKA,31,NUCKOLLS,129,"98,705"
NEBRASKA,31,OTOE,131,"52,660"
NEBRASKA,31,PAWNEE,133,"38,734"
NEBRASKA,31,RICHARDSON,147,"67,277"
NEBRASKA,31,SALINE,151,"80,562"
NEBRASKA,31,THAYER,169,"100,847"
NEBRASKA,31,CHASE,29,"203,752"
NEBRASKA,31,DUNDY,57,"115,817"
NEBRASKA,31,FRONTIER,63,"13,205"
NEBRASKA,31,HAYES,85,"80,257"
NEBRASKA,31,HITCHCOCK,87,"32,351"
NEBRASKA,31,KEITH,101,"82,783"
NEBRASKA,31,LINCOLN,111,"99,002"
NEBRASKA,31,PERKINS,135,"134,934"
NEBRASKA,31,RED WILLOW,145,"64,949"
NEVADA,32,ELKO,7,"22,413"
NEVADA,32,EUREKA,11,"175,319"
NEVADA,32,LANDER,15,"82,006"
NEVADA,32,WHITE PINE,33,"38,315"
NEVADA,32,CARSON CITY,510, (D)
NEVADA,32,CHURCHILL,1,"56,870"
NEVADA,32,DOUGLAS,5,"18,655"
NEVADA,32,HUMBOLDT,13,"91,353"
NEVADA,32,LYON,19,"36,212"
NEVADA,32,PERSHING,27,"47,690"
NEVADA,32,STOREY,29, (D)
NEVADA,32,WASHOE,31,"11,316"
NEVADA,32,CLARK,3,"5,637"
NEVADA,32,ESMERALDA,9,"229,764"
NEVADA,32,LINCOLN,17,"35,392"
NEVADA,32,MINERAL,21,"1,650"
NEVADA,32,NYE,23,"75,944"
NEW HAMPSHIRE,33,BELKNAP,1,-65
NEW HAMPSHIRE,33,CARROLL,3,"-2,133"
NEW HAMPSHIRE,33,CHESHIRE,5,"5,700"
NEW HAMPSHIRE,33,COOS,7,"11,391"
NEW HAMPSHIRE,33,GRAFTON,9,"1,550"
NEW HAMPSHIRE,33,HILLSBOROUGH,11,"-1,542"
NEW HAMPSHIRE,33,MERRIMACK,13,"13,889"
NEW HAMPSHIRE,33,ROCKINGHAM,15,"-4,319"
NEW HAMPSHIRE,33,STRAFFORD,17,"-1,111"
NEW HAMPSHIRE,33,SULLIVAN,19,"3,372"
NEW JERSEY,34,BURLINGTON,5,"21,856"
NEW JERSEY,34,MERCER,21,"5,045"
NEW JERSEY,34,MIDDLESEX,23,"19,402"
NEW JERSEY,34,MONMOUTH,25,"11,630"
NEW JERSEY,34,OCEAN,29,"20,848"
NEW JERSEY,34,BERGEN,3,"-2,513"
NEW JERSEY,34,ESSEX,13, (D)
NEW JERSEY,34,HUDSON,17, (D)
NEW JERSEY,34,HUNTERDON,19,"-1,129"
NEW JERSEY,34,MORRIS,27,817
NEW JERSEY,34,PASSAIC,31,"-8,001"
NEW JERSEY,34,SOMERSET,35,"-11,790"
NEW JERSEY,34,SUSSEX,37,-984
NEW JERSEY,34,UNION,39, (D)
NEW JERSEY,34,WARREN,41,"23,123"
NEW JERSEY,34,ATLANTIC,1,"73,176"
NEW JERSEY,34,CAMDEN,7,"30,082"
NEW JERSEY,34,CAPE MAY,9,"23,855"
NEW JERSEY,34,CUMBERLAND,11,"79,822"
NEW JERSEY,34,GLOUCESTER,15,"28,811"
NEW JERSEY,34,SALEM,33,"22,371"
NEW MEXICO,35,COLFAX,7,"40,567"
NEW MEXICO,35,CURRY,9,"94,790"
NEW MEXICO,35,DE BACA,11, (D)
NEW MEXICO,35,GUADALUPE,19,"2,093"
NEW MEXICO,35,HARDING,21,-938
NEW MEXICO,35,MORA,33,"9,256"
NEW MEXICO,35,QUAY,37,"13,052"
NEW MEXICO,35,ROOSEVELT,41,"68,059"
NEW MEXICO,35,SAN MIGUEL,47,"-1,956"
NEW MEXICO,35,TORRANCE,57,"6,415"
NEW MEXICO,35,UNION,59,"35,103"
NEW MEXICO,35,BERNALILLO,1,"-3,827"
NEW MEXICO,35,CIBOLA,6, (D)
NEW MEXICO,35,LOS ALAMOS,28, (D)
NEW MEXICO,35,MCKINLEY,31,"-4,802"
NEW MEXICO,35,RIO ARRIBA,39,207
NEW MEXICO,35,SAN JUAN,45,-865
NEW MEXICO,35,SANDOVAL,43,-513
NEW MEXICO,35,SANTA FE,49,"-5,452"
NEW MEXICO,35,TAOS,55,"-2,211"
NEW MEXICO,35,VALENCIA,61,"-3,516"
NEW MEXICO,35,CHAVES,5,"99,403"
NEW MEXICO,35,DONA ANA,13,"41,662"
NEW MEXICO,35,EDDY,15,"40,826"
NEW MEXICO,35,LEA,25,"42,205"
NEW MEXICO,35,LINCOLN,27,626
NEW MEXICO,35,OTERO,35,"3,823"
NEW MEXICO,35,CATRON,3,"3,060"
NEW MEXICO,35,GRANT,17,"8,213"
NEW MEXICO,35,HIDALGO,23,"49,345"
NEW MEXICO,35,LUNA,29,"56,399"
NEW MEXICO,35,SIERRA,51,"2,509"
NEW MEXICO,35,SOCORRO,53,"11,067"
NEW YORK,36,CAYUGA,11,"87,868"
NEW YORK,36,CHENANGO,17,"32,518"
NEW YORK,36,CORTLAND,23,"30,698"
NEW YORK,36,HERKIMER,43,"26,246"
NEW YORK,36,MADISON,53,"49,607"
NEW YORK,36,ONEIDA,65,"30,318"
NEW YORK,36,ONONDAGA,67,"74,816"
NEW YORK,36,OSWEGO,75,"15,027"
NEW YORK,36,OTSEGO,77,"23,545"
NEW YORK,36,ALBANY,1,"18,879"
NEW YORK,36,FULTON,35,"19,991"
NEW YORK,36,MONTGOMERY,57,"45,125"
NEW YORK,36,RENSSELAER,83,"29,881"
NEW YORK,36,SARATOGA,91,"24,850"
NEW YORK,36,SCHENECTADY,93,"-2,110"
NEW YORK,36,SCHOHARIE,95,"32,062"
NEW YORK,36,WASHINGTON,115,"27,514"
NEW YORK,36,KINGS,47,"142,867"
NEW YORK,36,NASSAU,59,"33,738"
NEW YORK,36,NEW YORK,61, (D)
NEW YORK,36,QUEENS,81, (D)
NEW YORK,36,RICHMOND,85, (D)
NEW YORK,36,SUFFOLK,103,"62,231"
NEW YORK,36,CLINTON,19,"84,016"
NEW YORK,36,ESSEX,31,"1,950"
NEW YORK,36,FRANKLIN,33,"37,791"
NEW YORK,36,HAMILTON,41,186
NEW YORK,36,WARREN,113,"-18,287"
NEW YORK,36,JEFFERSON,45,"75,590"
NEW YORK,36,LEWIS,49,"83,218"
NEW YORK,36,ST LAWRENCE,89,"48,756"
NEW YORK,36,COLUMBIA,21,"37,247"
NEW YORK,36,DELAWARE,25,"15,435"
NEW YORK,36,DUTCHESS,27,"4,691"
NEW YORK,36,GREENE,39,"9,859"
NEW YORK,36,ORANGE,71,"17,683"
NEW YORK,36,PUTNAM,79,"-9,669"
NEW YORK,36,ROCKLAND,87,"-14,339"
NEW YORK,36,SULLIVAN,105,"-23,866"
NEW YORK,36,ULSTER,111,"22,180"
NEW YORK,36,WESTCHESTER,119,"-19,114"
NEW YORK,36,BROOME,7,"16,487"
NEW YORK,36,CHEMUNG,15,"10,828"
NEW YORK,36,SCHUYLER,97,"35,656"
NEW YORK,36,TIOGA,107,"21,014"
NEW YORK,36,TOMPKINS,109,"32,267"
NEW YORK,36,ALLEGANY,3,"21,764"
NEW YORK,36,CATTARAUGUS,9,"27,935"
NEW YORK,36,CHAUTAUQUA,13,"52,683"
NEW YORK,36,STEUBEN,101,"39,165"
NEW YORK,36,ERIE,29,"18,710"
NEW YORK,36,GENESEE,37,"151,993"
NEW YORK,36,LIVINGSTON,51,"77,832"
NEW YORK,36,MONROE,55,"42,599"
NEW YORK,36,NIAGARA,63,"47,947"
NEW YORK,36,ONTARIO,69,"63,042"
NEW YORK,36,ORLEANS,73,"92,527"
NEW YORK,36,SENECA,99,"73,469"
NEW YORK,36,WAYNE,117,"62,600"
NEW YORK,36,WYOMING,121,"108,818"
NEW YORK,36,YATES,123,"41,976"
NORTH CAROLINA,37,BEAUFORT,13,"132,121"
NORTH CAROLINA,37,CARTERET,31,"33,485"
NORTH CAROLINA,37,CRAVEN,49,"90,529"
NORTH CAROLINA,37,GREENE,79,"292,286"
NORTH CAROLINA,37,HYDE,95,"197,406"
NORTH CAROLINA,37,JOHNSTON,101,"60,253"
NORTH CAROLINA,37,JONES,103,"350,719"
NORTH CAROLINA,37,LENOIR,107,"226,586"
NORTH CAROLINA,37,PAMLICO,137,"59,329"
NORTH CAROLINA,37,PITT,147,"134,472"
NORTH CAROLINA,37,WAYNE,191,"374,231"
NORTH CAROLINA,37,WILSON,195,"144,511"
NORTH CAROLINA,37,ALEXANDER,3,"131,461"
NORTH CAROLINA,37,CATAWBA,35,"40,388"
NORTH CAROLINA,37,CHATHAM,37,"35,051"
NORTH CAROLINA,37,DAVIDSON,57,"12,774"
NORTH CAROLINA,37,DAVIE,59,"8,117"
NORTH CAROLINA,37,IREDELL,97,"27,580"
NORTH CAROLINA,37,LEE,105,"61,898"
NORTH CAROLINA,37,RANDOLPH,151,"72,789"
NORTH CAROLINA,37,ROWAN,159,"21,008"
NORTH CAROLINA,37,WAKE,183,"28,432"
NORTH CAROLINA,37,BERTIE,15,"300,233"
NORTH CAROLINA,37,CAMDEN,29,"102,452"
NORTH CAROLINA,37,CHOWAN,41,"147,722"
NORTH CAROLINA,37,CURRITUCK,53,"33,543"
NORTH CAROLINA,37,DARE,55, (D)
NORTH CAROLINA,37,EDGECOMBE,65,"226,415"
NORTH CAROLINA,37,GATES,73,"184,629"
NORTH CAROLINA,37,HALIFAX,83,"97,096"
NORTH CAROLINA,37,HERTFORD,91,"285,739"
NORTH CAROLINA,37,MARTIN,117,"73,559"
NORTH CAROLINA,37,NASH,127,"104,754"
NORTH CAROLINA,37,NORTHAMPTON,131,"138,833"
NORTH CAROLINA,37,PASQUOTANK,139,"86,925"
NORTH CAROLINA,37,PERQUIMANS,143,"149,512"
NORTH CAROLINA,37,TYRRELL,177,"309,752"
NORTH CAROLINA,37,WASHINGTON,187,"76,529"
NORTH CAROLINA,37,ALLEGHANY,5,"19,730"
NORTH CAROLINA,37,ASHE,9,"9,684"
NORTH CAROLINA,37,AVERY,11,"2,420"
NORTH CAROLINA,37,CALDWELL,27,"48,823"
NORTH CAROLINA,37,SURRY,171,"70,883"
NORTH CAROLINA,37,WATAUGA,189,"7,153"
NORTH CAROLINA,37,WILKES,193,"131,350"
NORTH CAROLINA,37,YADKIN,197,"56,905"
NORTH CAROLINA,37,ALAMANCE,1,"11,162"
NORTH CAROLINA,37,CASWELL,33,"19,716"
NORTH CAROLINA,37,DURHAM,63,"-4,358"
NORTH CAROLINA,37,FORSYTH,67,-874
NORTH CAROLINA,37,FRANKLIN,69,"17,570"
NORTH CAROLINA,37,GRANVILLE,77,"9,033"
NORTH CAROLINA,37,GUILFORD,81,"9,531"
NORTH CAROLINA,37,ORANGE,135,"11,104"
NORTH CAROLINA,37,PERSON,145,"20,759"
NORTH CAROLINA,37,ROCKINGHAM,157,"12,438"
NORTH CAROLINA,37,STOKES,169,"11,526"
NORTH CAROLINA,37,VANCE,181,"11,681"
NORTH CAROLINA,37,WARREN,185,"21,098"
NORTH CAROLINA,37,BLADEN,17,"342,474"
NORTH CAROLINA,37,BRUNSWICK,19,"17,596"
NORTH CAROLINA,37,COLUMBUS,47,"104,398"
NORTH CAROLINA,37,CUMBERLAND,51,"79,276"
NORTH CAROLINA,37,DUPLIN,61,"519,475"
NORTH CAROLINA,37,HARNETT,85,"112,327"
NORTH CAROLINA,37,HOKE,93,"133,007"
NORTH CAROLINA,37,NEW HANOVER,129,"32,693"
NORTH CAROLINA,37,ONSLOW,133,"200,881"
NORTH CAROLINA,37,PENDER,141,"209,570"
NORTH CAROLINA,37,ROBESON,155,"176,611"
NORTH CAROLINA,37,SAMPSON,163,"375,087"
NORTH CAROLINA,37,SCOTLAND,165,"373,136"
NORTH CAROLINA,37,ANSON,7,"320,627"
NORTH CAROLINA,37,CABARRUS,25,"25,520"
NORTH CAROLINA,37,CLEVELAND,45,"52,417"
NORTH CAROLINA,37,GASTON,71,"10,474"
NORTH CAROLINA,37,LINCOLN,109,"23,428"
NORTH CAROLINA,37,MECKLENBURG,119, (D)
NORTH CAROLINA,37,MONTGOMERY,123,"209,681"
NORTH CAROLINA,37,MOORE,125,"71,444"
NORTH CAROLINA,37,RICHMOND,153,"313,212"
NORTH CAROLINA,37,STANLY,167,"44,878"
NORTH CAROLINA,37,UNION,179,"184,656"
NORTH CAROLINA,37,BUNCOMBE,21,"7,001"
NORTH CAROLINA,37,BURKE,23,"58,017"
NORTH CAROLINA,37,CHEROKEE,39,"26,880"
NORTH CAROLINA,37,CLAY,43,334
NORTH CAROLINA,37,GRAHAM,75,241
NORTH CAROLINA,37,HAYWOOD,87,"6,739"
NORTH CAROLINA,37,HENDERSON,89,"33,911"
NORTH CAROLINA,37,JACKSON,99,"7,513"
NORTH CAROLINA,37,MACON,113,"5,995"
NORTH CAROLINA,37,MADISON,115,"-4,893"
NORTH CAROLINA,37,MCDOWELL,111,"23,208"
NORTH CAROLINA,37,MITCHELL,121,"-3,862"
NORTH CAROLINA,37,POLK,149,"-6,499"
NORTH CAROLINA,37,RUTHERFORD,161,"25,429"
NORTH CAROLINA,37,SWAIN,173,"4,670"
NORTH CAROLINA,37,TRANSYLVANIA,175,"8,294"
NORTH CAROLINA,37,YANCEY,199,"4,049"
NORTH DAKOTA,38,EDDY,27,"127,248"
NORTH DAKOTA,38,FOSTER,31,"158,593"
NORTH DAKOTA,38,KIDDER,43,"73,231"
NORTH DAKOTA,38,SHERIDAN,83,"115,347"
NORTH DAKOTA,38,STUTSMAN,93,"104,588"
NORTH DAKOTA,38,WELLS,103,"171,948"
NORTH DAKOTA,38,BARNES,3,"96,804"
NORTH DAKOTA,38,CASS,17,"141,247"
NORTH DAKOTA,38,GRIGGS,39,"110,599"
NORTH DAKOTA,38,STEELE,91,"118,709"
NORTH DAKOTA,38,TRAILL,97,"106,841"
NORTH DAKOTA,38,BENSON,5,"119,901"
NORTH DAKOTA,38,BOTTINEAU,9,"100,418"
NORTH DAKOTA,38,MCHENRY,49,"52,539"
NORTH DAKOTA,38,PIERCE,69,"75,307"
NORTH DAKOTA,38,ROLETTE,79,"71,177"
NORTH DAKOTA,38,CAVALIER,19,"220,631"
NORTH DAKOTA,38,GRAND FORKS,35,"102,688"
NORTH DAKOTA,38,NELSON,63,"84,191"
NORTH DAKOTA,38,PEMBINA,67,"168,211"
NORTH DAKOTA,38,RAMSEY,71,"113,589"
NORTH DAKOTA,38,TOWNER,95,"149,967"
NORTH DAKOTA,38,WALSH,99,"117,153"
NORTH DAKOTA,38,BURKE,13,"63,245"
NORTH DAKOTA,38,DIVIDE,23,"49,046"
NORTH DAKOTA,38,MOUNTRAIL,61,"52,552"
NORTH DAKOTA,38,RENVILLE,75,"162,324"
NORTH DAKOTA,38,WARD,101,"77,180"
NORTH DAKOTA,38,WILLIAMS,105,"62,155"
NORTH DAKOTA,38,BURLEIGH,15,"56,781"
NORTH DAKOTA,38,EMMONS,29,"76,779"
NORTH DAKOTA,38,GRANT,37,"77,321"
NORTH DAKOTA,38,MORTON,59,"39,070"
NORTH DAKOTA,38,SIOUX,85,"87,650"
NORTH DAKOTA,38,DICKEY,21,"139,597"
NORTH DAKOTA,38,LA MOURE,45,"96,817"
NORTH DAKOTA,38,LOGAN,47,"109,991"
NORTH DAKOTA,38,MCINTOSH,51,"60,153"
NORTH DAKOTA,38,RANSOM,73,"89,907"
NORTH DAKOTA,38,RICHLAND,77,"98,942"
NORTH DAKOTA,38,SARGENT,81,"116,377"
NORTH DAKOTA,38,ADAMS,1,"38,503"
NORTH DAKOTA,38,BILLINGS,7,"51,594"
NORTH DAKOTA,38,BOWMAN,11,"59,343"
NORTH DAKOTA,38,GOLDEN VALLEY,33,"28,337"
NORTH DAKOTA,38,HETTINGER,41,"35,991"
NORTH DAKOTA,38,SLOPE,87,"58,019"
NORTH DAKOTA,38,STARK,89,"18,177"
NORTH DAKOTA,38,DUNN,25,"40,036"
NORTH DAKOTA,38,MCKENZIE,53,"46,699"
NORTH DAKOTA,38,MCLEAN,55,"63,295"
NORTH DAKOTA,38,MERCER,57,"51,833"
NORTH DAKOTA,38,OLIVER,65,"42,981"
OHIO,39,DELAWARE,41,"28,705"
OHIO,39,FAIRFIELD,45,"24,288"
OHIO,39,FAYETTE,47,"89,729"
OHIO,39,FRANKLIN,49,"25,909"
OHIO,39,KNOX,83,"24,614"
OHIO,39,LICKING,89,"10,002"
OHIO,39,MADISON,97,"69,116"
OHIO,39,MARION,101,"67,651"
OHIO,39,MORROW,117,"17,276"
OHIO,39,PICKAWAY,129,"60,435"
OHIO,39,ROSS,141,"22,321"
OHIO,39,UNION,159,"63,426"
OHIO,39,BELMONT,13,87
OHIO,39,CARROLL,19,"7,507"
OHIO,39,COSHOCTON,31,"20,966"
OHIO,39,HARRISON,67,"2,935"
OHIO,39,HOLMES,75,"30,337"
OHIO,39,JEFFERSON,81,-667
OHIO,39,TUSCARAWAS,157,"21,819"
OHIO,39,ASHLAND,5,"24,376"
OHIO,39,CRAWFORD,33,"78,308"
OHIO,39,ERIE,43,"63,426"
OHIO,39,HURON,77,"67,090"
OHIO,39,LORAIN,93,"14,571"
OHIO,39,OTTAWA,123,"18,865"
OHIO,39,RICHLAND,139,"32,457"
OHIO,39,SANDUSKY,143,"34,409"
OHIO,39,SENECA,147,"33,101"
OHIO,39,WYANDOT,175,"62,246"
OHIO,39,ASHTABULA,7,"4,974"
OHIO,39,COLUMBIANA,29,"16,314"
OHIO,39,CUYAHOGA,35,"-1,903"
OHIO,39,GEAUGA,55,"-1,879"
OHIO,39,LAKE,85,"71,418"
OHIO,39,MAHONING,99,"10,708"
OHIO,39,MEDINA,103,-72
OHIO,39,PORTAGE,133,"-4,492"
OHIO,39,STARK,151,"10,473"
OHIO,39,SUMMIT,153,703
OHIO,39,TRUMBULL,155,"8,568"
OHIO,39,WAYNE,169,"36,744"
OHIO,39,ALLEN,3,"42,143"
OHIO,39,DEFIANCE,39,"30,278"
OHIO,39,FULTON,51,"46,797"
OHIO,39,HANCOCK,63,"58,416"
OHIO,39,HENRY,69,"47,160"
OHIO,39,LUCAS,95,"32,018"
OHIO,39,PAULDING,125,"62,138"
OHIO,39,PUTNAM,137,"44,008"
OHIO,39,VAN WERT,161,"96,413"
OHIO,39,WILLIAMS,171,"35,173"
OHIO,39,WOOD,173,"40,814"
OHIO,39,ADAMS,1,"8,516"
OHIO,39,BROWN,15,"13,873"
OHIO,39,GALLIA,53,"-2,844"
OHIO,39,HIGHLAND,71,"30,232"
OHIO,39,JACKSON,79,"3,121"
OHIO,39,LAWRENCE,87,"-4,983"
OHIO,39,PIKE,131,"26,414"
OHIO,39,SCIOTO,145,"2,232"
OHIO,39,ATHENS,9,"-2,661"
OHIO,39,GUERNSEY,59,"2,126"
OHIO,39,HOCKING,73,"-3,742"
OHIO,39,MEIGS,105,"4,671"
OHIO,39,MONROE,111,"-1,053"
OHIO,39,MORGAN,115,"3,854"
OHIO,39,MUSKINGUM,119,"11,911"
OHIO,39,NOBLE,121,"-1,870"
OHIO,39,PERRY,127,"9,698"
OHIO,39,VINTON,163,629
OHIO,39,WASHINGTON,167,"6,499"
OHIO,39,BUTLER,17,"4,732"
OHIO,39,CLERMONT,25,"-1,219"
OHIO,39,CLINTON,27,"45,388"
OHIO,39,GREENE,57,"33,750"
OHIO,39,HAMILTON,61,"8,466"
OHIO,39,MONTGOMERY,113,"23,477"
OHIO,39,PREBLE,135,"35,956"
OHIO,39,WARREN,165,"6,138"
OHIO,39,AUGLAIZE,11,"68,312"
OHIO,39,CHAMPAIGN,21,"50,878"
OHIO,39,CLARK,23,"40,658"
OHIO,39,DARKE,37,"85,336"
OHIO,39,HARDIN,65,"58,451"
OHIO,39,LOGAN,91,"34,710"
OHIO,39,MERCER,107,"158,883"
OHIO,39,MIAMI,109,"29,341"
OHIO,39,SHELBY,149,"55,655"
OKLAHOMA,40,CANADIAN,17,"7,411"
OKLAHOMA,40,CLEVELAND,27,"-7,544"
OKLAHOMA,40,CREEK,37,"-7,643"
OKLAHOMA,40,GRADY,51,"15,421"
OKLAHOMA,40,KINGFISHER,73,"34,557"
OKLAHOMA,40,LINCOLN,81,"-3,962"
OKLAHOMA,40,LOGAN,83,"-3,569"
OKLAHOMA,40,MCCLAIN,87,"1,969"
OKLAHOMA,40,OKFUSKEE,107,"-5,160"
OKLAHOMA,40,OKLAHOMA,109,"-5,979"
OKLAHOMA,40,PAYNE,119,"-3,234"
OKLAHOMA,40,POTTAWATOMIE,125,"-4,345"
OKLAHOMA,40,SEMINOLE,133,"-2,303"
OKLAHOMA,40,ADAIR,1,"41,575"
OKLAHOMA,40,CHEROKEE,21,"6,272"
OKLAHOMA,40,HASKELL,61,"46,821"
OKLAHOMA,40,HUGHES,63,"123,167"
OKLAHOMA,40,MCINTOSH,91,"-1,079"
OKLAHOMA,40,MUSKOGEE,101,416
OKLAHOMA,40,OKMULGEE,111,"-2,338"
OKLAHOMA,40,PITTSBURG,121,"-1,624"
OKLAHOMA,40,SEQUOYAH,135,"6,279"
OKLAHOMA,40,ALFALFA,3,"24,021"
OKLAHOMA,40,GARFIELD,47,"21,356"
OKLAHOMA,40,GRANT,53,"31,921"
OKLAHOMA,40,KAY,71,"18,774"
OKLAHOMA,40,MAJOR,93,"29,979"
OKLAHOMA,40,NOBLE,103,"10,768"
OKLAHOMA,40,WOODS,151,"11,907"
OKLAHOMA,40,WOODWARD,153,"-55,150"
OKLAHOMA,40,CRAIG,35,"16,732"
OKLAHOMA,40,DELAWARE,41,"63,015"
OKLAHOMA,40,MAYES,97,"9,149"
OKLAHOMA,40,NOWATA,105,"4,636"
OKLAHOMA,40,OSAGE,113,"7,520"
OKLAHOMA,40,OTTAWA,115,"61,305"
OKLAHOMA,40,PAWNEE,117,"-6,900"
OKLAHOMA,40,ROGERS,131,58
OKLAHOMA,40,TULSA,143,"-4,295"
OKLAHOMA,40,WAGONER,145,"6,714"
OKLAHOMA,40,WASHINGTON,147,-693
OKLAHOMA,40,BEAVER,7,"95,012"
OKLAHOMA,40,CIMARRON,25,"115,591"
OKLAHOMA,40,ELLIS,45,"52,574"
OKLAHOMA,40,HARPER,59,"103,624"
OKLAHOMA,40,TEXAS,139,"308,863"
OKLAHOMA,40,ATOKA,5,"-3,975"
OKLAHOMA,40,BRYAN,13,"3,899"
OKLAHOMA,40,CARTER,19,"-2,517"
OKLAHOMA,40,COAL,29,"17,330"
OKLAHOMA,40,GARVIN,49,963
OKLAHOMA,40,JEFFERSON,67,"20,245"
OKLAHOMA,40,JOHNSTON,69,"2,598"
OKLAHOMA,40,LOVE,85,"-3,607"
OKLAHOMA,40,MARSHALL,95,"-5,674"
OKLAHOMA,40,MURRAY,99,-559
OKLAHOMA,40,PONTOTOC,123,"-5,052"
OKLAHOMA,40,STEPHENS,137,"-1,550"
OKLAHOMA,40,CHOCTAW,23,-306
OKLAHOMA,40,LATIMER,77,"4,926"
OKLAHOMA,40,LEFLORE,79,"46,647"
OKLAHOMA,40,MCCURTAIN,89,"33,270"
OKLAHOMA,40,PUSHMATAHA,127,"-5,189"
OKLAHOMA,40,CADDO,15,"13,830"
OKLAHOMA,40,COMANCHE,31,"7,208"
OKLAHOMA,40,COTTON,33,"18,861"
OKLAHOMA,40,GREER,55,"19,185"
OKLAHOMA,40,HARMON,57,"51,465"
OKLAHOMA,40,JACKSON,65,"72,696"
OKLAHOMA,40,KIOWA,75,"43,838"
OKLAHOMA,40,TILLMAN,141,"99,425"
OKLAHOMA,40,BECKHAM,9,"9,508"
OKLAHOMA,40,BLAINE,11,"9,122"
OKLAHOMA,40,CUSTER,39,"16,513"
OKLAHOMA,40,DEWEY,43,613
OKLAHOMA,40,ROGER MILLS,129,"12,847"
OKLAHOMA,40,WASHITA,149,"16,267"
OREGON,41,GILLIAM,21,"120,352"
OREGON,41,HOOD RIVER,27,"3,810"
OREGON,41,MORROW,49,"237,633"
OREGON,41,SHERMAN,55,"100,304"
OREGON,41,WASCO,65,"8,806"
OREGON,41,BAKER,1,"20,240"
OREGON,41,UMATILLA,59,"33,507"
OREGON,41,UNION,61,"9,695"
OREGON,41,WALLOWA,63,"10,030"
OREGON,41,BENTON,3,"12,191"
OREGON,41,CLACKAMAS,5,"16,378"
OREGON,41,CLATSOP,7,"1,168"
OREGON,41,COLUMBIA,9,614
OREGON,41,LANE,39,"9,698"
OREGON,41,LINCOLN,41,"2,130"
OREGON,41,LINN,43,"11,242"
OREGON,41,MARION,47,"43,015"
OREGON,41,MULTNOMAH,51,"30,864"
OREGON,41,POLK,53,"19,000"
OREGON,41,TILLAMOOK,57,"90,536"
OREGON,41,WASHINGTON,67,"14,251"
OREGON,41,YAMHILL,71,"20,342"
OREGON,41,CROOK,13,"7,408"
OREGON,41,DESCHUTES,17,"-12,866"
OREGON,41,GRANT,23,-307
OREGON,41,HARNEY,25,"37,861"
OREGON,41,JEFFERSON,31,"31,281"
OREGON,41,KLAMATH,35,"26,643"
OREGON,41,LAKE,37,"64,419"
OREGON,41,MALHEUR,45,"56,988"
OREGON,41,WHEELER,69,"-6,279"
OREGON,41,COOS,11,"27,835"
OREGON,41,CURRY,15,"19,533"
OREGON,41,DOUGLAS,19,"3,904"
OREGON,41,JACKSON,29,"-7,977"
OREGON,41,JOSEPHINE,33,"-2,213"
PENNSYLVANIA,42,BLAIR,13,"61,139"
PENNSYLVANIA,42,CAMBRIA,21,"14,658"
PENNSYLVANIA,42,CENTRE,27,"22,232"
PENNSYLVANIA,42,CLEARFIELD,33,"13,826"
PENNSYLVANIA,42,COLUMBIA,37,"26,459"
PENNSYLVANIA,42,DAUPHIN,43,"37,240"
PENNSYLVANIA,42,HUNTINGDON,61,"42,696"
PENNSYLVANIA,42,JUNIATA,67,"62,451"
PENNSYLVANIA,42,MIFFLIN,87,"57,997"
PENNSYLVANIA,42,MONTOUR,93,"48,216"
PENNSYLVANIA,42,NORTHUMBERLAND,97,"63,486"
PENNSYLVANIA,42,PERRY,99,"76,989"
PENNSYLVANIA,42,SNYDER,109,"78,636"
PENNSYLVANIA,42,UNION,119,"92,040"
PENNSYLVANIA,42,CARBON,25,"6,934"
PENNSYLVANIA,42,LEHIGH,77,"63,669"
PENNSYLVANIA,42,LUZERNE,79,"7,800"
PENNSYLVANIA,42,MONROE,89,"-4,752"
PENNSYLVANIA,42,NORTHAMPTON,95,"12,071"
PENNSYLVANIA,42,PIKE,103,"-8,144"
PENNSYLVANIA,42,SCHUYLKILL,107,"61,148"
PENNSYLVANIA,42,BRADFORD,15,"33,957"
PENNSYLVANIA,42,CAMERON,23,"3,599"
PENNSYLVANIA,42,CLINTON,35,"34,335"
PENNSYLVANIA,42,ELK,47,"1,609"
PENNSYLVANIA,42,LYCOMING,81,"24,235"
PENNSYLVANIA,42,MCKEAN,83,"5,952"
PENNSYLVANIA,42,POTTER,105,"26,497"
PENNSYLVANIA,42,SULLIVAN,113,"24,441"
PENNSYLVANIA,42,TIOGA,117,"24,408"
PENNSYLVANIA,42,LACKAWANNA,69,"3,434"
PENNSYLVANIA,42,SUSQUEHANNA,115,"15,422"
PENNSYLVANIA,42,WAYNE,127,"9,208"
PENNSYLVANIA,42,WYOMING,131,-316
PENNSYLVANIA,42,CRAWFORD,39,"24,502"
PENNSYLVANIA,42,ERIE,49,"20,314"
PENNSYLVANIA,42,FOREST,53,"10,990"
PENNSYLVANIA,42,MERCER,85,"10,255"
PENNSYLVANIA,42,VENANGO,121,"5,771"
PENNSYLVANIA,42,WARREN,123,"14,329"
PENNSYLVANIA,42,ADAMS,1,"42,565"
PENNSYLVANIA,42,BEDFORD,9,"25,198"
PENNSYLVANIA,42,CUMBERLAND,41,"53,660"
PENNSYLVANIA,42,FRANKLIN,55,"88,107"
PENNSYLVANIA,42,FULTON,57,"48,316"
PENNSYLVANIA,42,YORK,133,"25,829"
PENNSYLVANIA,42,BERKS,11,"86,080"
PENNSYLVANIA,42,BUCKS,17,"20,496"
PENNSYLVANIA,42,CHESTER,29,"116,193"
PENNSYLVANIA,42,DELAWARE,45,"-7,776"
PENNSYLVANIA,42,LANCASTER,71,"93,709"
PENNSYLVANIA,42,LEBANON,75,"95,920"
PENNSYLVANIA,42,MONTGOMERY,91,"4,095"
PENNSYLVANIA,42,PHILADELPHIA,101,"-30,620"
PENNSYLVANIA,42,ALLEGHENY,3,"10,712"
PENNSYLVANIA,42,FAYETTE,51,"8,617"
PENNSYLVANIA,42,GREENE,59,"5,995"
PENNSYLVANIA,42,SOMERSET,111,"29,223"
PENNSYLVANIA,42,WASHINGTON,125,"1,646"
PENNSYLVANIA,42,WESTMORELAND,129,"17,337"
PENNSYLVANIA,42,ARMSTRONG,5,"21,090"
PENNSYLVANIA,42,BEAVER,7,"12,531"
PENNSYLVANIA,42,BUTLER,19,"12,615"
PENNSYLVANIA,42,CLARION,31,"12,053"
PENNSYLVANIA,42,INDIANA,63,"23,087"
PENNSYLVANIA,42,JEFFERSON,65,"16,438"
PENNSYLVANIA,42,LAWRENCE,73,"13,632"
RHODE ISLAND,44,BRISTOL,1,"-2,204"
RHODE ISLAND,44,KENT,3,-910
RHODE ISLAND,44,NEWPORT,5,"14,614"
RHODE ISLAND,44,PROVIDENCE,7,"-3,141"
RHODE ISLAND,44,WASHINGTON,9,"13,296"
SOUTH CAROLINA,45,CALHOUN,17,"52,263"
SOUTH CAROLINA,45,CLARENDON,27,"81,041"
SOUTH CAROLINA,45,LEE,61,"112,696"
SOUTH CAROLINA,45,LEXINGTON,63,"54,324"
SOUTH CAROLINA,45,ORANGEBURG,75,"68,615"
SOUTH CAROLINA,45,RICHLAND,79,"13,995"
SOUTH CAROLINA,45,SUMTER,85,"90,900"
SOUTH CAROLINA,45,CHESTERFIELD,25,"75,672"
SOUTH CAROLINA,45,DARLINGTON,31,"77,306"
SOUTH CAROLINA,45,DILLON,33,"157,602"
SOUTH CAROLINA,45,FLORENCE,41,"20,426"
SOUTH CAROLINA,45,GEORGETOWN,43,"21,364"
SOUTH CAROLINA,45,HORRY,51,"13,186"
SOUTH CAROLINA,45,MARION,67,"27,547"
SOUTH CAROLINA,45,MARLBORO,69,"137,404"
SOUTH CAROLINA,45,WILLIAMSBURG,89,"6,503"
SOUTH CAROLINA,45,CHESTER,23,"12,684"
SOUTH CAROLINA,45,FAIRFIELD,39,"22,590"
SOUTH CAROLINA,45,KERSHAW,55,"136,553"
SOUTH CAROLINA,45,LANCASTER,57,"45,836"
SOUTH CAROLINA,45,YORK,91,"31,695"
SOUTH CAROLINA,45,ANDERSON,7,"6,604"
SOUTH CAROLINA,45,CHEROKEE,21,"31,994"
SOUTH CAROLINA,45,GREENVILLE,45,"-4,548"
SOUTH CAROLINA,45,LAURENS,59,"23,304"
SOUTH CAROLINA,45,OCONEE,73,"61,481"
SOUTH CAROLINA,45,PICKENS,77,"-5,954"
SOUTH CAROLINA,45,SPARTANBURG,83,"-1,701"
SOUTH CAROLINA,45,UNION,87,"13,454"
SOUTH CAROLINA,45,ALLENDALE,5,"13,307"
SOUTH CAROLINA,45,BAMBERG,9,"28,158"
SOUTH CAROLINA,45,BARNWELL,11,"20,975"
SOUTH CAROLINA,45,BEAUFORT,13,"-8,839"
SOUTH CAROLINA,45,BERKELEY,15,"-4,955"
SOUTH CAROLINA,45,CHARLESTON,19,"7,303"
SOUTH CAROLINA,45,COLLETON,29,288
SOUTH CAROLINA,45,DORCHESTER,35,"24,383"
SOUTH CAROLINA,45,HAMPTON,49,"30,332"
SOUTH CAROLINA,45,JASPER,53,"16,938"
SOUTH CAROLINA,45,ABBEVILLE,1,533
SOUTH CAROLINA,45,AIKEN,3,"20,277"
SOUTH CAROLINA,45,EDGEFIELD,37,"22,929"
SOUTH CAROLINA,45,GREENWOOD,47,"3,256"
SOUTH CAROLINA,45,MCCORMICK,65,"9,778"
SOUTH CAROLINA,45,NEWBERRY,71,"81,400"
SOUTH CAROLINA,45,SALUDA,81,"54,695"
SOUTH DAKOTA,46,AURORA,3,"53,244"
SOUTH DAKOTA,46,BEADLE,5,"106,725"
SOUTH DAKOTA,46,BRULE,15,"112,745"
SOUTH DAKOTA,46,BUFFALO,17,"120,214"
SOUTH DAKOTA,46,HAND,59,"111,678"
SOUTH DAKOTA,46,HUGHES,65,"47,999"
SOUTH DAKOTA,46,HYDE,69,"84,012"
SOUTH DAKOTA,46,JERAULD,73,"44,719"
SOUTH DAKOTA,46,SULLY,119,"101,314"
SOUTH DAKOTA,46,BROOKINGS,11,"74,421"
SOUTH DAKOTA,46,DAVISON,35,"79,390"
SOUTH DAKOTA,46,HANSON,61,"108,927"
SOUTH DAKOTA,46,KINGSBURY,77,"138,913"
SOUTH DAKOTA,46,LAKE,79,"84,143"
SOUTH DAKOTA,46,MCCOOK,87,"111,242"
SOUTH DAKOTA,46,MINER,97,"85,185"
SOUTH DAKOTA,46,MINNEHAHA,99,"40,877"
SOUTH DAKOTA,46,MOODY,101,"103,282"
SOUTH DAKOTA,46,SANBORN,111,"95,056"
SOUTH DAKOTA,46,BROWN,13,"86,998"
SOUTH DAKOTA,46,CAMPBELL,21,"90,616"
SOUTH DAKOTA,46,EDMUNDS,45,"119,270"
SOUTH DAKOTA,46,FAULK,49,"153,754"
SOUTH DAKOTA,46,MCPHERSON,89,"103,672"
SOUTH DAKOTA,46,POTTER,107,"9,636"
SOUTH DAKOTA,46,SPINK,115,"219,346"
SOUTH DAKOTA,46,WALWORTH,129,"98,976"
SOUTH DAKOTA,46,CLARK,25,"114,896"
SOUTH DAKOTA,46,CODINGTON,29,"83,889"
SOUTH DAKOTA,46,DAY,37,"100,139"
SOUTH DAKOTA,46,DEUEL,39,"76,511"
SOUTH DAKOTA,46,GRANT,51,"90,128"
SOUTH DAKOTA,46,HAMLIN,57,"86,782"
SOUTH DAKOTA,46,MARSHALL,91,"123,848"
SOUTH DAKOTA,46,ROBERTS,109,"65,712"
SOUTH DAKOTA,46,BUTTE,19,"31,329"
SOUTH DAKOTA,46,CORSON,31,"70,777"
SOUTH DAKOTA,46,DEWEY,41,"80,694"
SOUTH DAKOTA,46,HARDING,63,"76,134"
SOUTH DAKOTA,46,PERKINS,105,"57,513"
SOUTH DAKOTA,46,ZIEBACH,137,"71,759"
SOUTH DAKOTA,46,GREGORY,53,"58,956"
SOUTH DAKOTA,46,JONES,75,"76,917"
SOUTH DAKOTA,46,LYMAN,85,"67,457"
SOUTH DAKOTA,46,MELLETTE,95,"68,454"
SOUTH DAKOTA,46,TODD,121,"54,643"
SOUTH DAKOTA,46,TRIPP,123,"73,194"
SOUTH DAKOTA,46,BON HOMME,9,"73,755"
SOUTH DAKOTA,46,CHARLES MIX,23,"85,645"
SOUTH DAKOTA,46,CLAY,27,"83,884"
SOUTH DAKOTA,46,DOUGLAS,43,"82,404"
SOUTH DAKOTA,46,HUTCHINSON,67,"89,196"
SOUTH DAKOTA,46,LINCOLN,83,"64,269"
SOUTH DAKOTA,46,TURNER,125,"95,094"
SOUTH DAKOTA,46,UNION,127,"91,127"
SOUTH DAKOTA,46,YANKTON,135,"78,766"
SOUTH DAKOTA,46,BENNETT,7,"130,181"
SOUTH DAKOTA,46,CUSTER,33,"16,225"
SOUTH DAKOTA,46,FALL RIVER,47,"54,608"
SOUTH DAKOTA,46,OGLALA LAKOTA,102,"94,215"
SOUTH DAKOTA,46,HAAKON,55,"91,105"
SOUTH DAKOTA,46,JACKSON,71,"56,834"
SOUTH DAKOTA,46,LAWRENCE,81,"10,586"
SOUTH DAKOTA,46,MEADE,93,"33,156"
SOUTH DAKOTA,46,PENNINGTON,103,"22,112"
SOUTH DAKOTA,46,STANLEY,117,"106,493"
TENNESSEE,47,BEDFORD,3,"29,218"
TENNESSEE,47,CANNON,15,"2,825"
TENNESSEE,47,CLAY,27,"40,465"
TENNESSEE,47,DAVIDSON,37,"-1,721"
TENNESSEE,47,DE KALB,41,"4,119"
TENNESSEE,47,GILES,55,"4,479"
TENNESSEE,47,JACKSON,87,"-1,419"
TENNESSEE,47,LINCOLN,103,"15,780"
TENNESSEE,47,MACON,111,"16,299"
TENNESSEE,47,MARSHALL,117,"7,162"
TENNESSEE,47,MAURY,119,"2,370"
TENNESSEE,47,MOORE,127,"7,952"
TENNESSEE,47,RUTHERFORD,149,"-1,079"
TENNESSEE,47,SMITH,159,"5,547"
TENNESSEE,47,SUMNER,165,"2,947"
TENNESSEE,47,TROUSDALE,169,"3,397"
TENNESSEE,47,WILLIAMSON,187,"1,047"
TENNESSEE,47,WILSON,189,"-3,339"
TENNESSEE,47,BLEDSOE,7,"13,343"
TENNESSEE,47,COFFEE,31,"12,153"
TENNESSEE,47,CUMBERLAND,35,"6,008"
TENNESSEE,47,FENTRESS,49,"7,735"
TENNESSEE,47,FRANKLIN,51,"19,584"
TENNESSEE,47,GRUNDY,61,"38,802"
TENNESSEE,47,MARION,115,"13,003"
TENNESSEE,47,MORGAN,129,"1,669"
TENNESSEE,47,OVERTON,133,"4,055"
TENNESSEE,47,PICKETT,137,"12,944"
TENNESSEE,47,PUTNAM,141,"-1,053"
TENNESSEE,47,SCOTT,151,"-1,278"
TENNESSEE,47,SEQUATCHIE,153,"4,538"
TENNESSEE,47,VAN BUREN,175,"3,348"
TENNESSEE,47,WARREN,177,"34,543"
TENNESSEE,47,WHITE,185,655
TENNESSEE,47,DYER,45,"109,941"
TENNESSEE,47,LAKE,95,"343,309"
TENNESSEE,47,LAUDERDALE,97,"50,303"
TENNESSEE,47,OBION,131,"72,813"
TENNESSEE,47,SHELBY,157,"13,556"
TENNESSEE,47,TIPTON,167,"38,668"
TENNESSEE,47,ANDERSON,1,"-4,757"
TENNESSEE,47,BLOUNT,9,"-6,877"
TENNESSEE,47,BRADLEY,11,"30,661"
TENNESSEE,47,CAMPBELL,13,"-1,626"
TENNESSEE,47,CARTER,19,372
TENNESSEE,47,CLAIBORNE,25,870
TENNESSEE,47,COCKE,29,"10,734"
TENNESSEE,47,GRAINGER,57,"1,660"
TENNESSEE,47,GREENE,59,993
TENNESSEE,47,HAMBLEN,63,786
TENNESSEE,47,HAMILTON,65,"2,827"
TENNESSEE,47,HANCOCK,67,"1,557"
TENNESSEE,47,HAWKINS,73,"-1,028"
TENNESSEE,47,JEFFERSON,89,"3,465"
TENNESSEE,47,JOHNSON,91,"-1,251"
TENNESSEE,47,KNOX,93,890
TENNESSEE,47,LOUDON,105,"11,524"
TENNESSEE,47,MCMINN,107,"9,596"
TENNESSEE,47,MEIGS,121,"1,199"
TENNESSEE,47,MONROE,123,"4,138"
TENNESSEE,47,POLK,139,"32,609"
TENNESSEE,47,RHEA,143,"1,246"
TENNESSEE,47,ROANE,145,"-4,158"
TENNESSEE,47,SEVIER,155,102
TENNESSEE,47,SULLIVAN,163,763
TENNESSEE,47,UNICOI,171,"-2,622"
TENNESSEE,47,UNION,173,"-2,683"
TENNESSEE,47,WASHINGTON,179,"2,723"
TENNESSEE,47,BENTON,5,109
TENNESSEE,47,CARROLL,17,"22,130"
TENNESSEE,47,CHESTER,23,"3,752"
TENNESSEE,47,CROCKETT,33,"65,306"
TENNESSEE,47,DECATUR,39,-347
TENNESSEE,47,FAYETTE,47,"24,139"
TENNESSEE,47,GIBSON,53,"65,639"
TENNESSEE,47,HARDEMAN,69,"10,990"
TENNESSEE,47,HARDIN,71,"12,292"
TENNESSEE,47,HAYWOOD,75,"73,346"
TENNESSEE,47,HENDERSON,77,"5,496"
TENNESSEE,47,HENRY,79,"33,565"
TENNESSEE,47,MADISON,113,"19,603"
TENNESSEE,47,MCNAIRY,109,"4,466"
TENNESSEE,47,WEAKLEY,183,"52,967"
TENNESSEE,47,CHEATHAM,21,"2,755"
TENNESSEE,47,DICKSON,43,"-1,005"
TENNESSEE,47,HICKMAN,81,"2,467"
TENNESSEE,47,HOUSTON,83,"-4,131"
TENNESSEE,47,HUMPHREYS,85,"-1,992"
TENNESSEE,47,LAWRENCE,99,"14,707"
TENNESSEE,47,LEWIS,101,"1,717"
TENNESSEE,47,MONTGOMERY,125,"17,581"
TENNESSEE,47,PERRY,135,"2,473"
TENNESSEE,47,ROBERTSON,147,"27,405"
TENNESSEE,47,STEWART,161,"5,466"
TENNESSEE,47,WAYNE,181,"10,004"
TEXAS,48,BELL,27,"3,804"
TEXAS,48,BOSQUE,35,"-6,104"
TEXAS,48,COLLIN,85,"-11,326"
TEXAS,48,COOKE,97,"-5,489"
TEXAS,48,CORYELL,99,"-4,412"
TEXAS,48,DALLAS,113,-833
TEXAS,48,DELTA,119,"23,289"
TEXAS,48,DENTON,121,"-6,323"
TEXAS,48,ELLIS,139,"-1,619"
TEXAS,48,FALLS,145,"14,602"
TEXAS,48,FANNIN,147,"1,177"
TEXAS,48,GRAYSON,181,"-4,346"
TEXAS,48,HAMILTON,193,954
TEXAS,48,HILL,217,"7,868"
TEXAS,48,HUNT,231,"-5,047"
TEXAS,48,JOHNSON,251,"-3,183"
TEXAS,48,KAUFMAN,257,"-7,095"
TEXAS,48,LAMAR,277,"6,128"
TEXAS,48,LIMESTONE,293,"1,310"
TEXAS,48,MCLENNAN,309,"2,062"
TEXAS,48,MILAM,331,"6,786"
TEXAS,48,NAVARRO,349,"1,957"
TEXAS,48,ROCKWALL,397,"-1,185"
TEXAS,48,TARRANT,439,"-10,202"
TEXAS,48,WILLIAMSON,491,"2,879"
TEXAS,48,ARANSAS,7,"-8,055"
TEXAS,48,KLEBERG,273,"42,940"
TEXAS,48,NUECES,355,"78,692"
TEXAS,48,REFUGIO,391,"27,947"
TEXAS,48,SAN PATRICIO,409,"73,789"
TEXAS,48,ARCHER,9,"25,245"
TEXAS,48,BROWN,49,"-4,480"
TEXAS,48,CALLAHAN,59,-930
TEXAS,48,CLAY,77,"4,624"
TEXAS,48,COMANCHE,93,"24,145"
TEXAS,48,EASTLAND,133,"-6,650"
TEXAS,48,ERATH,143,"18,522"
TEXAS,48,HOOD,221,"-7,332"
TEXAS,48,JACK,237,"-5,474"
TEXAS,48,MILLS,333,"-2,518"
TEXAS,48,MONTAGUE,337,"-5,060"
TEXAS,48,PALO PINTO,363,"-5,007"
TEXAS,48,PARKER,367,"-9,130"
TEXAS,48,SHACKELFORD,417,"-3,334"
TEXAS,48,SOMERVELL,425,"7,960"
TEXAS,48,STEPHENS,429,"-8,124"
TEXAS,48,THROCKMORTON,447,"12,207"
TEXAS,48,WISE,497,"-7,698"
TEXAS,48,YOUNG,503,"-4,846"
TEXAS,48,ANDERSON,1,"-2,489"
TEXAS,48,BOWIE,37,"5,273"
TEXAS,48,CAMP,63,"32,278"
TEXAS,48,CASS,67,"10,920"
TEXAS,48,CHEROKEE,73,"11,892"
TEXAS,48,FRANKLIN,159,"90,064"
TEXAS,48,GREGG,183,"-5,654"
TEXAS,48,HARRISON,203,"-3,973"
TEXAS,48,HENDERSON,213,"-4,370"
TEXAS,48,HOPKINS,223,"35,541"
TEXAS,48,HOUSTON,225,"1,158"
TEXAS,48,MARION,315,"2,998"
TEXAS,48,MORRIS,343,"33,174"
TEXAS,48,NACOGDOCHES,347,"100,476"
TEXAS,48,PANOLA,365,"32,447"
TEXAS,48,RAINS,379,"2,243"
TEXAS,48,RED RIVER,387,"12,284"
TEXAS,48,RUSK,401,"18,796"
TEXAS,48,SHELBY,419,"174,622"
TEXAS,48,SMITH,423,"-3,467"
TEXAS,48,TITUS,449,"71,077"
TEXAS,48,UPSHUR,459,"-1,429"
TEXAS,48,VAN ZANDT,467,"1,782"
TEXAS,48,WOOD,499,"20,176"
TEXAS,48,ANGELINA,5,"13,910"
TEXAS,48,BRAZOS,41,"4,059"
TEXAS,48,FREESTONE,161,"4,823"
TEXAS,48,GRIMES,185,"-4,206"
TEXAS,48,HARDIN,199,"-12,043"
TEXAS,48,JASPER,241,"-5,933"
TEXAS,48,LEON,289,"16,997"
TEXAS,48,MADISON,313,"15,085"
TEXAS,48,MONTGOMERY,339,"-11,549"
TEXAS,48,NEWTON,351,"-8,679"
TEXAS,48,POLK,373,"-7,230"
TEXAS,48,ROBERTSON,395,"21,847"
TEXAS,48,SABINE,403,"19,727"
TEXAS,48,SAN AUGUSTINE,405,"68,679"
TEXAS,48,SAN JACINTO,407,"-9,025"
TEXAS,48,TRINITY,455,"-4,045"
TEXAS,48,TYLER,457,"-9,997"
TEXAS,48,WALKER,471,"-2,141"
TEXAS,48,WALLER,473,"2,219"
TEXAS,48,BANDERA,19,"-9,716"
TEXAS,48,BLANCO,31,"-10,922"
TEXAS,48,BURNET,53,"-9,812"
TEXAS,48,COKE,81,"-6,007"
TEXAS,48,CONCHO,95,"16,337"
TEXAS,48,CROCKETT,105,"-2,711"
TEXAS,48,EDWARDS,137,"-3,662"
TEXAS,48,GILLESPIE,171,"-5,918"
TEXAS,48,IRION,235,"17,105"
TEXAS,48,KENDALL,259,"-9,685"
TEXAS,48,KERR,265,"-8,928"
TEXAS,48,KIMBLE,267,"-5,681"
TEXAS,48,KINNEY,271,"-11,971"
TEXAS,48,LAMPASAS,281,"-7,686"
TEXAS,48,LLANO,299,"-7,904"
TEXAS,48,MASON,319,902
TEXAS,48,MCCULLOCH,307,-322
TEXAS,48,MENARD,327,"-2,381"
TEXAS,48,REAGAN,383,"21,288"
TEXAS,48,REAL,385,"-20,401"
TEXAS,48,SAN SABA,411,"1,561"
TEXAS,48,SCHLEICHER,413,-182
TEXAS,48,STERLING,431,"22,991"
TEXAS,48,SUTTON,435,"-4,264"
TEXAS,48,TOM GREEN,451,"11,526"
TEXAS,48,UPTON,461,"61,405"
TEXAS,48,UVALDE,463,"25,047"
TEXAS,48,VAL VERDE,465,"-12,099"
TEXAS,48,CAMERON,61,"23,907"
TEXAS,48,HIDALGO,215,"32,037"
TEXAS,48,STARR,427,"-4,703"
TEXAS,48,WILLACY,489,"91,462"
TEXAS,48,ARMSTRONG,11,"44,300"
TEXAS,48,BRISCOE,45,"54,913"
TEXAS,48,CARSON,65,"113,440"
TEXAS,48,CASTRO,69,"428,436"
TEXAS,48,DALLAM,111,"421,882"
TEXAS,48,DEAF SMITH,117,"615,929"
TEXAS,48,FLOYD,153,"119,629"
TEXAS,48,GRAY,179,"93,189"
TEXAS,48,HALE,189,"111,136"
TEXAS,48,HANSFORD,195,"924,794"
TEXAS,48,HARTLEY,205,"1,041,275"
TEXAS,48,HEMPHILL,211,"123,017"
TEXAS,48,HUTCHINSON,233,"41,678"
TEXAS,48,LIPSCOMB,295,"41,902"
TEXAS,48,MOORE,341,"468,886"
TEXAS,48,OCHILTREE,357,"270,706"
TEXAS,48,OLDHAM,359,"298,659"
TEXAS,48,PARMER,369,"362,468"
TEXAS,48,POTTER,375,"14,913"
TEXAS,48,RANDALL,381,"112,709"
TEXAS,48,ROBERTS,393,"52,170"
TEXAS,48,SHERMAN,421,"688,682"
TEXAS,48,SWISHER,437,"349,555"
TEXAS,48,BORDEN,33,"58,957"
TEXAS,48,CHILDRESS,75,"26,691"
TEXAS,48,COLLINGSWORTH,87,"42,597"
TEXAS,48,COTTLE,101,"71,774"
TEXAS,48,DICKENS,125,"9,345"
TEXAS,48,DONLEY,129,"39,415"
TEXAS,48,FOARD,155,"15,627"
TEXAS,48,GARZA,169,"13,777"
TEXAS,48,HALL,191,"60,637"
TEXAS,48,HARDEMAN,197,"23,940"
TEXAS,48,KENT,263,"22,246"
TEXAS,48,KING,269, (D)
TEXAS,48,MOTLEY,345,"12,929"
TEXAS,48,WHEELER,483,"24,394"
TEXAS,48,WICHITA,485,"1,536"
TEXAS,48,WILBARGER,487,"46,995"
TEXAS,48,AUSTIN,15,"-8,075"
TEXAS,48,BASTROP,21,"-2,081"
TEXAS,48,BEE,25,"7,759"
TEXAS,48,BEXAR,29,"-5,431"
TEXAS,48,BURLESON,51,"1,411"
TEXAS,48,CALDWELL,55,-254
TEXAS,48,COLORADO,89,"2,897"
TEXAS,48,COMAL,91,"-8,459"
TEXAS,48,DE WITT,123,"-5,514"
TEXAS,48,FAYETTE,149,"-6,334"
TEXAS,48,GOLIAD,175,"-5,733"
TEXAS,48,GONZALES,177,"95,141"
TEXAS,48,GUADALUPE,187,-145
TEXAS,48,HAYS,209,"-12,127"
TEXAS,48,KARNES,255,"-6,112"
TEXAS,48,LAVACA,285,"-3,122"
TEXAS,48,LEE,287,"-2,454"
TEXAS,48,MEDINA,325,"3,236"
TEXAS,48,TRAVIS,453,"-6,685"
TEXAS,48,WASHINGTON,477,"-7,935"
TEXAS,48,WILSON,493,"-3,690"
TEXAS,48,ATASCOSA,13,"-7,047"
TEXAS,48,BROOKS,47,307
TEXAS,48,DIMMIT,127,"-9,046"
TEXAS,48,DUVAL,131,"-8,478"
TEXAS,48,FRIO,163,"31,721"
TEXAS,48,JIM HOGG,247,"-4,936"
TEXAS,48,JIM WELLS,249,"20,761"
TEXAS,48,KENEDY,261,"84,006"
TEXAS,48,LA SALLE,283,"-20,678"
TEXAS,48,LIVE OAK,297,"-6,506"
TEXAS,48,MAVERICK,323,"11,408"
TEXAS,48,MCMULLEN,311,"-24,695"
TEXAS,48,WEBB,479,"-8,261"
TEXAS,48,ZAPATA,505,"-10,235"
TEXAS,48,ZAVALA,507,"17,746"
TEXAS,48,ANDREWS,3,"20,091"
TEXAS,48,BAILEY,17,"201,101"
TEXAS,48,COCHRAN,79,"91,736"
TEXAS,48,CROSBY,107,"87,048"
TEXAS,48,DAWSON,115,"122,538"
TEXAS,48,GAINES,165,"138,662"
TEXAS,48,GLASSCOCK,173,"38,793"
TEXAS,48,HOCKLEY,219,"48,224"
TEXAS,48,HOWARD,227,"13,713"
TEXAS,48,LAMB,279,"188,991"
TEXAS,48,LUBBOCK,303,"39,258"
TEXAS,48,LYNN,305,"75,206"
TEXAS,48,MARTIN,317,"52,958"
TEXAS,48,MIDLAND,329,47
TEXAS,48,TERRY,445,"87,693"
TEXAS,48,YOAKUM,501,"121,534"
TEXAS,48,BAYLOR,23,"61,835"
TEXAS,48,COLEMAN,83,"1,915"
TEXAS,48,FISHER,151,"12,499"
TEXAS,48,HASKELL,207,"35,104"
TEXAS,48,JONES,253,"3,980"
TEXAS,48,KNOX,275,"54,242"
TEXAS,48,MITCHELL,335,"7,902"
TEXAS,48,NOLAN,353,"24,395"
TEXAS,48,RUNNELS,399,"15,079"
TEXAS,48,SCURRY,415,"18,282"
TEXAS,48,STONEWALL,433,"13,649"
TEXAS,48,TAYLOR,441,"-4,827"
TEXAS,48,BREWSTER,43,"-9,259"
TEXAS,48,CRANE,103,"5,047"
TEXAS,48,CULBERSON,109,"97,739"
TEXAS,48,ECTOR,135,"-5,053"
TEXAS,48,EL PASO,141,113
TEXAS,48,HUDSPETH,229,"4,557"
TEXAS,48,JEFF DAVIS,243,"-12,711"
TEXAS,48,LOVING,301,"36,059"
TEXAS,48,PECOS,371,686
TEXAS,48,PRESIDIO,377,"88,804"
TEXAS,48,REEVES,389,"3,243"
TEXAS,48,TERRELL,443,"-12,893"
TEXAS,48,WARD,475,"2,989"
TEXAS,48,WINKLER,495, (D)
TEXAS,48,BRAZORIA,39,"-2,386"
TEXAS,48,CALHOUN,57,"30,155"
TEXAS,48,CHAMBERS,71,"7,033"
TEXAS,48,FORT BEND,157,"12,921"
TEXAS,48,GALVESTON,167,"-9,337"
TEXAS,48,HARRIS,201,"-6,897"
TEXAS,48,JACKSON,239,"29,054"
TEXAS,48,JEFFERSON,245,"11,476"
TEXAS,48,LIBERTY,291,"-6,966"
TEXAS,48,MATAGORDA,321,"43,390"
TEXAS,48,ORANGE,361,"-7,619"
TEXAS,48,VICTORIA,469,"11,322"
TEXAS,48,WHARTON,481,"37,708"
UTAH,49,JUAB,23,"53,075"
UTAH,49,MILLARD,27,"55,643"
UTAH,49,SANPETE,39,"62,476"
UTAH,49,SEVIER,41,"29,681"
UTAH,49,UTAH,49,"11,164"
UTAH,49,CARBON,7,367
UTAH,49,DAGGETT,9,"17,574"
UTAH,49,DUCHESNE,13,"8,657"
UTAH,49,EMERY,15,"1,299"
UTAH,49,GRAND,19,"10,923"
UTAH,49,SAN JUAN,37,"3,090"
UTAH,49,SUMMIT,43,"9,769"
UTAH,49,UINTAH,47,"3,998"
UTAH,49,WASATCH,51,"-4,298"
UTAH,49,BOX ELDER,3,"31,038"
UTAH,49,CACHE,5,"28,635"
UTAH,49,DAVIS,11,"6,845"
UTAH,49,MORGAN,29,"-3,803"
UTAH,49,RICH,33,"41,717"
UTAH,49,SALT LAKE,35,"-8,533"
UTAH,49,TOOELE,45,"8,061"
UTAH,49,WEBER,57,"2,159"
UTAH,49,BEAVER,1,"155,354"
UTAH,49,GARFIELD,17,"36,042"
UTAH,49,IRON,21,"51,291"
UTAH,49,KANE,25,"1,396"
UTAH,49,PIUTE,31,"146,997"
UTAH,49,WASHINGTON,53,"-7,414"
UTAH,49,WAYNE,55,"14,533"
VERMONT,50,ADDISON,1,"50,213"
VERMONT,50,BENNINGTON,3,"15,566"
VERMONT,50,CALEDONIA,5,"20,794"
VERMONT,50,CHITTENDEN,7,"18,721"
VERMONT,50,ESSEX,9,"29,828"
VERMONT,50,FRANKLIN,11,"70,173"
VERMONT,50,GRAND ISLE,13,"38,093"
VERMONT,50,LAMOILLE,15,"26,644"
VERMONT,50,ORANGE,17,"26,999"
VERMONT,50,ORLEANS,19,"42,273"
VERMONT,50,RUTLAND,21,"7,029"
VERMONT,50,WASHINGTON,23,"10,795"
VERMONT,50,WINDHAM,25,"7,724"
VERMONT,50,WINDSOR,27,"-7,006"
VIRGINIA,51,ALBEMARLE,3,"-8,665"
VIRGINIA,51,AMELIA,7,"63,382"
VIRGINIA,51,AMHERST,9,"2,292"
VIRGINIA,51,APPOMATTOX,11,"1,663"
VIRGINIA,51,BEDFORD,19,-824
VIRGINIA,51,BUCKINGHAM,29,"24,926"
VIRGINIA,51,CAMPBELL,31,"4,551"
VIRGINIA,51,CAROLINE,33,"9,244"
VIRGINIA,51,CHESTERFIELD,41,-129
VIRGINIA,51,CUMBERLAND,49,"44,711"
VIRGINIA,51,FLUVANNA,65,"-1,943"
VIRGINIA,51,GOOCHLAND,75,"-4,693"
VIRGINIA,51,GREENE,79,"4,411"
VIRGINIA,51,HANOVER,85,"11,914"
VIRGINIA,51,HENRICO,87,"10,276"
VIRGINIA,51,LOUISA,109,"1,223"
VIRGINIA,51,NELSON,125,"11,199"
VIRGINIA,51,ORANGE,137,"90,000"
VIRGINIA,51,POWHATAN,145,811
VIRGINIA,51,PRINCE EDWARD,147,"15,233"
VIRGINIA,51,SPOTSYLVANIA,177,"2,850"
VIRGINIA,51,ACCOMACK,1,"188,764"
VIRGINIA,51,CHARLES CITY,36,"58,644"
VIRGINIA,51,ESSEX,57,"15,337"
VIRGINIA,51,GLOUCESTER,73,"13,650"
VIRGINIA,51,JAMES CITY,95,"-49,307"
VIRGINIA,51,KING AND QUEEN,97,"21,341"
VIRGINIA,51,KING GEORGE,99,"4,122"
VIRGINIA,51,KING WILLIAM,101,"31,586"
VIRGINIA,51,LANCASTER,103,"20,243"
VIRGINIA,51,MATHEWS,115,"16,558"
VIRGINIA,51,MIDDLESEX,119,"15,482"
VIRGINIA,51,NEW KENT,127,"-9,169"
VIRGINIA,51,NORTHAMPTON,131,"196,277"
VIRGINIA,51,NORTHUMBERLAND,133,"51,914"
VIRGINIA,51,RICHMOND,159,"48,280"
VIRGINIA,51,WESTMORELAND,193,"131,646"
VIRGINIA,51,YORK,199,"14,490"
VIRGINIA,51,ARLINGTON,13, (D)
VIRGINIA,51,CLARKE,43,"-5,900"
VIRGINIA,51,CULPEPER,47,"5,951"
VIRGINIA,51,FAIRFAX,59,"21,844"
VIRGINIA,51,FAUQUIER,61,"-5,846"
VIRGINIA,51,FREDERICK,69,"1,295"
VIRGINIA,51,LOUDOUN,107,"-8,426"
VIRGINIA,51,MADISON,113,"4,909"
VIRGINIA,51,PAGE,139,"92,344"
VIRGINIA,51,PRINCE WILLIAM,153,"-10,814"
VIRGINIA,51,RAPPAHANNOCK,157,"-6,727"
VIRGINIA,51,ROCKINGHAM,165,"121,897"
VIRGINIA,51,SHENANDOAH,171,"36,086"
VIRGINIA,51,STAFFORD,179,"-11,332"
VIRGINIA,51,WARREN,187,"-2,939"
VIRGINIA,51,BRUNSWICK,25,"33,406"
VIRGINIA,51,CHESAPEAKE CITY,550,"18,722"
VIRGINIA,51,DINWIDDIE,53,"13,602"
VIRGINIA,51,GREENSVILLE,81,"28,121"
VIRGINIA,51,ISLE OF WIGHT,93,"52,955"
VIRGINIA,51,MECKLENBURG,117,"13,867"
VIRGINIA,51,PRINCE GEORGE,149,"11,674"
VIRGINIA,51,SOUTHAMPTON,175,"81,949"
VIRGINIA,51,SUFFOLK CITY,800,"61,402"
VIRGINIA,51,SURRY,181,"40,004"
VIRGINIA,51,SUSSEX,183,"108,554"
VIRGINIA,51,VIRGINIA BEACH CITY,810,-383
VIRGINIA,51,CHARLOTTE,37,"9,344"
VIRGINIA,51,FRANKLIN,67,"9,251"
VIRGINIA,51,HALIFAX,83,"2,959"
VIRGINIA,51,HENRY,89,"20,278"
VIRGINIA,51,LUNENBURG,111,"6,375"
VIRGINIA,51,NOTTOWAY,135,"50,116"
VIRGINIA,51,PATRICK,141,"4,466"
VIRGINIA,51,PITTSYLVANIA,143,"13,056"
VIRGINIA,51,BLAND,21,"5,297"
VIRGINIA,51,BUCHANAN,27, (D)
VIRGINIA,51,CARROLL,35,"5,490"
VIRGINIA,51,DICKENSON,51,"-2,862"
VIRGINIA,51,FLOYD,63,"-1,711"
VIRGINIA,51,GILES,71,"4,614"
VIRGINIA,51,GRAYSON,77,"3,342"
VIRGINIA,51,LEE,105,647
VIRGINIA,51,MONTGOMERY,121,"8,745"
VIRGINIA,51,PULASKI,155,"17,239"
VIRGINIA,51,RUSSELL,167,"4,257"
VIRGINIA,51,SCOTT,169,762
VIRGINIA,51,SMYTH,173,"8,733"
VIRGINIA,51,TAZEWELL,185,"12,342"
VIRGINIA,51,WASHINGTON,191,"5,783"
VIRGINIA,51,WISE,195,"1,078"
VIRGINIA,51,WYTHE,197,"10,621"
VIRGINIA,51,ALLEGHANY,5,446
VIRGINIA,51,AUGUSTA,15,"45,914"
VIRGINIA,51,BATH,17,"16,630"
VIRGINIA,51,BOTETOURT,23,23
VIRGINIA,51,CRAIG,45,"1,306"
VIRGINIA,51,HIGHLAND,91,"32,270"
VIRGINIA,51,ROANOKE,161,"-2,754"
VIRGINIA,51,ROCKBRIDGE,163,"7,487"
WASHINGTON,53,BENTON,5,"94,246"
WASHINGTON,53,CHELAN,7,"44,717"
WASHINGTON,53,KITTITAS,37,"12,316"
WASHINGTON,53,KLICKITAT,39,"33,700"
WASHINGTON,53,OKANOGAN,47,"42,421"
WASHINGTON,53,YAKIMA,77,"158,262"
WASHINGTON,53,ADAMS,1,"97,358"
WASHINGTON,53,DOUGLAS,17,"64,134"
WASHINGTON,53,FRANKLIN,21,"133,359"
WASHINGTON,53,GRANT,25,"194,908"
WASHINGTON,53,LINCOLN,43,"59,142"
WASHINGTON,53,FERRY,19,"2,359"
WASHINGTON,53,PEND OREILLE,51,"3,285"
WASHINGTON,53,SPOKANE,63,"5,742"
WASHINGTON,53,STEVENS,65,"2,392"
WASHINGTON,53,ASOTIN,3,"17,497"
WASHINGTON,53,COLUMBIA,13,"45,868"
WASHINGTON,53,GARFIELD,23,"59,225"
WASHINGTON,53,WALLA WALLA,71,"144,184"
WASHINGTON,53,WHITMAN,75,"76,380"
WASHINGTON,53,CLALLAM,9,"-6,293"
WASHINGTON,53,CLARK,11,"-4,844"
WASHINGTON,53,COWLITZ,15,"6,046"
WASHINGTON,53,GRAYS HARBOR,27,"24,570"
WASHINGTON,53,ISLAND,29,"1,951"
WASHINGTON,53,JEFFERSON,31,381
WASHINGTON,53,KING,33,"4,052"
WASHINGTON,53,KITSAP,35,"-7,295"
WASHINGTON,53,LEWIS,41,"13,225"
WASHINGTON,53,MASON,45,"29,650"
WASHINGTON,53,PACIFIC,49,"31,094"
WASHINGTON,53,PIERCE,53,"-2,195"
WASHINGTON,53,SAN JUAN,55,"-6,293"
WASHINGTON,53,SKAGIT,57,"42,220"
WASHINGTON,53,SKAMANIA,59,"-2,787"
WASHINGTON,53,SNOHOMISH,61,"12,169"
WASHINGTON,53,THURSTON,67,"23,496"
WASHINGTON,53,WAHKIAKUM,69,"3,399"
WASHINGTON,53,WHATCOM,73,"33,342"
WEST VIRGINIA,54,BERKELEY,3,"4,392"
WEST VIRGINIA,54,GRANT,23,"34,303"
WEST VIRGINIA,54,GREENBRIER,25,"12,691"
WEST VIRGINIA,54,HAMPSHIRE,27,"10,495"
WEST VIRGINIA,54,HARDY,31,"83,325"
WEST VIRGINIA,54,JEFFERSON,37,"3,139"
WEST VIRGINIA,54,MINERAL,57,"9,354"
WEST VIRGINIA,54,MONROE,63,"6,390"
WEST VIRGINIA,54,MORGAN,65,634
WEST VIRGINIA,54,PENDLETON,71,"50,615"
WEST VIRGINIA,54,POCAHONTAS,75,"3,057"
WEST VIRGINIA,54,RANDOLPH,83,"3,769"
WEST VIRGINIA,54,SUMMERS,89,"-1,813"
WEST VIRGINIA,54,TUCKER,93,"6,450"
WEST VIRGINIA,54,BARBOUR,1,"-1,186"
WEST VIRGINIA,54,BROOKE,9,-270
WEST VIRGINIA,54,DODDRIDGE,17,"-3,196"
WEST VIRGINIA,54,HANCOCK,29,"-3,157"
WEST VIRGINIA,54,HARRISON,33,"-1,443"
WEST VIRGINIA,54,LEWIS,41,976
WEST VIRGINIA,54,MARION,49,"-2,295"
WEST VIRGINIA,54,MARSHALL,51,"-4,039"
WEST VIRGINIA,54,MONONGALIA,61,"-2,958"
WEST VIRGINIA,54,OHIO,69,"-1,518"
WEST VIRGINIA,54,PLEASANTS,73,"-4,442"
WEST VIRGINIA,54,PRESTON,77,"1,315"
WEST VIRGINIA,54,RITCHIE,85,"-1,434"
WEST VIRGINIA,54,TAYLOR,91,"-2,001"
WEST VIRGINIA,54,TYLER,95,510
WEST VIRGINIA,54,UPSHUR,97,"-1,110"
WEST VIRGINIA,54,WETZEL,103,"-1,531"
WEST VIRGINIA,54,WOOD,107,"-2,860"
WEST VIRGINIA,54,BOONE,5,-815
WEST VIRGINIA,54,BRAXTON,7,"2,629"
WEST VIRGINIA,54,CABELL,11,-719
WEST VIRGINIA,54,CALHOUN,13,63
WEST VIRGINIA,54,CLAY,15,349
WEST VIRGINIA,54,FAYETTE,19,-620
WEST VIRGINIA,54,GILMER,21,"-3,050"
WEST VIRGINIA,54,JACKSON,35,"-1,455"
WEST VIRGINIA,54,KANAWHA,39,"-5,164"
WEST VIRGINIA,54,LINCOLN,43,"-3,260"
WEST VIRGINIA,54,LOGAN,45, (D)
WEST VIRGINIA,54,MASON,53,"11,885"
WEST VIRGINIA,54,MCDOWELL,47, (D)
WEST VIRGINIA,54,MERCER,55,"8,342"
WEST VIRGINIA,54,MINGO,59,"-4,677"
WEST VIRGINIA,54,NICHOLAS,67,-19
WEST VIRGINIA,54,PUTNAM,79,"2,145"
WEST VIRGINIA,54,RALEIGH,81,"-1,955"
WEST VIRGINIA,54,ROANE,87,-661
WEST VIRGINIA,54,WAYNE,99,627
WEST VIRGINIA,54,WEBSTER,101,"1,551"
WEST VIRGINIA,54,WIRT,105,"-1,113"
WEST VIRGINIA,54,WYOMING,109,"-1,784"
WISCONSIN,55,ADAMS,1,"50,657"
WISCONSIN,55,GREEN LAKE,47,"37,253"
WISCONSIN,55,JUNEAU,57,"40,106"
WISCONSIN,55,MARQUETTE,77,"16,839"
WISCONSIN,55,PORTAGE,97,"58,468"
WISCONSIN,55,WAUPACA,135,"23,076"
WISCONSIN,55,WAUSHARA,137,"39,013"
WISCONSIN,55,WOOD,141,"25,618"
WISCONSIN,55,BROWN,9,"46,346"
WISCONSIN,55,CALUMET,15,"58,697"
WISCONSIN,55,DOOR,29,"23,746"
WISCONSIN,55,FOND DU LAC,39,"61,967"
WISCONSIN,55,KEWAUNEE,61,"96,211"
WISCONSIN,55,MANITOWOC,71,"41,559"
WISCONSIN,55,OUTAGAMIE,87,"40,921"
WISCONSIN,55,SHEBOYGAN,117,"30,449"
WISCONSIN,55,WINNEBAGO,139,"24,126"
WISCONSIN,55,ASHLAND,3,"12,490"
WISCONSIN,55,CLARK,19,"48,096"
WISCONSIN,55,IRON,51, (D)
WISCONSIN,55,LINCOLN,69,"21,535"
WISCONSIN,55,MARATHON,73,"41,806"
WISCONSIN,55,ONEIDA,85,-72
WISCONSIN,55,PRICE,99,"16,845"
WISCONSIN,55,TAYLOR,119,"37,153"
WISCONSIN,55,VILAS,125,"46,586"
WISCONSIN,55,FLORENCE,37, (D)
WISCONSIN,55,FOREST,41,"5,375"
WISCONSIN,55,LANGLADE,67,"51,518"
WISCONSIN,55,MARINETTE,75,"41,976"
WISCONSIN,55,MENOMINEE,78, (D)
WISCONSIN,55,OCONTO,83,"37,457"
WISCONSIN,55,SHAWANO,115,"46,234"
WISCONSIN,55,BARRON,5,"51,948"
WISCONSIN,55,BAYFIELD,7,"5,182"
WISCONSIN,55,BURNETT,13,"23,639"
WISCONSIN,55,CHIPPEWA,17,"37,138"
WISCONSIN,55,DOUGLAS,31,"5,096"
WISCONSIN,55,POLK,95,"23,128"
WISCONSIN,55,RUSK,107,"26,684"
WISCONSIN,55,SAWYER,113,"26,713"
WISCONSIN,55,WASHBURN,129,"25,750"
WISCONSIN,55,COLUMBIA,21,"37,413"
WISCONSIN,55,DANE,25,"42,704"
WISCONSIN,55,DODGE,27,"43,791"
WISCONSIN,55,GREEN,45,"32,829"
WISCONSIN,55,JEFFERSON,55,"51,150"
WISCONSIN,55,ROCK,105,"33,382"
WISCONSIN,55,KENOSHA,59,"28,024"
WISCONSIN,55,MILWAUKEE,79,"13,759"
WISCONSIN,55,OZAUKEE,89,"59,981"
WISCONSIN,55,RACINE,101,"32,600"
WISCONSIN,55,WALWORTH,127,"33,873"
WISCONSIN,55,WASHINGTON,131,"42,164"
WISCONSIN,55,WAUKESHA,133,"9,265"
WISCONSIN,55,CRAWFORD,23,"16,496"
WISCONSIN,55,GRANT,43,"47,382"
WISCONSIN,55,IOWA,49,"22,940"
WISCONSIN,55,LAFAYETTE,65,"47,616"
WISCONSIN,55,RICHLAND,103,"24,006"
WISCONSIN,55,SAUK,111,"24,157"
WISCONSIN,55,VERNON,123,"21,749"
WISCONSIN,55,BUFFALO,11,"50,712"
WISCONSIN,55,DUNN,33,"38,385"
WISCONSIN,55,EAU CLAIRE,35,"21,348"
WISCONSIN,55,JACKSON,53,"41,795"
WISCONSIN,55,LA CROSSE,63,"29,413"
WISCONSIN,55,MONROE,81,"34,053"
WISCONSIN,55,PEPIN,91,"25,342"
WISCONSIN,55,PIERCE,93,"27,493"
WISCONSIN,55,ST CROIX,109,"35,953"
WISCONSIN,55,TREMPEALEAU,121,"50,496"
WYOMING,56,CAMPBELL,5,"26,495"
WYOMING,56,CROOK,11,"26,840"
WYOMING,56,JOHNSON,19,"23,725"
WYOMING,56,SHERIDAN,33,"7,328"
WYOMING,56,WESTON,45,"15,943"
WYOMING,56,BIG HORN,3,"16,889"
WYOMING,56,FREMONT,13,"19,912"
WYOMING,56,HOT SPRINGS,17,"2,814"
WYOMING,56,PARK,29,"2,006"
WYOMING,56,WASHAKIE,43,"28,058"
WYOMING,56,ALBANY,1,"15,842"
WYOMING,56,CARBON,7,"42,995"
WYOMING,56,NATRONA,25,"7,939"
WYOMING,56,SWEETWATER,37,"21,628"
WYOMING,56,CONVERSE,9,"25,824"
WYOMING,56,GOSHEN,15,"44,025"
WYOMING,56,LARAMIE,21,"30,499"
WYOMING,56,NIOBRARA,27,"56,097"
WYOMING,56,PLATTE,31,"45,325"
WYOMING,56,LINCOLN,23,"13,172"
WYOMING,56,SUBLETTE,35,"36,390"
WYOMING,56,TETON,39,"6,411"
WYOMING,56,UINTA,41,"10,310"
